{
    "parameters": {
        "name_model": "LSTM_doubleSweep_dropout",
        "compile_parameters": "{'metrics': ['accuracy'], 'optimizer': <keras.optimizer_v2.gradient_descent.SGD object at 0x7fe560549790>}",
        "l2_reg": 0,
        "batch_size": 512,
        "epochs": 100,
        "initial_epoch": 0,
        "initial_lr": 0.1,
        "num_classes": 10,
        "dropout": 0.25,
        "batch_norm": false,
        "data_aug": false
    },
    "augmentation_parameters": {
        "used": "False",
        "rotation_range": "45",
        "horizontal_flip": "True",
        "zoom_range": "0.3"
    },
    "train_result": {
        "loss": {
            "0": 2.2571160793304443,
            "1": 2.1364309787750244,
            "2": 2.0503101348876953,
            "3": 1.9895951747894287,
            "4": 1.9358395338058472,
            "5": 1.8884633779525757,
            "6": 1.8592655658721924,
            "7": 1.8337342739105225,
            "8": 1.7992507219314575,
            "9": 1.7791061401367188,
            "10": 1.7685210704803467,
            "11": 1.7252029180526733,
            "12": 1.7022603750228882,
            "13": 1.6809396743774414,
            "14": 1.660322666168213,
            "15": 1.6415146589279175,
            "16": 1.613296627998352,
            "17": 1.5942037105560303,
            "18": 1.5682226419448853,
            "19": 1.5485286712646484,
            "20": 1.5352468490600586,
            "21": 1.519323468208313,
            "22": 1.5008490085601807,
            "23": 1.4910216331481934,
            "24": 1.4796142578125,
            "25": 1.467696189880371,
            "26": 1.4556465148925781,
            "27": 1.4454166889190674,
            "28": 1.4333345890045166,
            "29": 1.4312304258346558,
            "30": 1.41470205783844,
            "31": 1.4036693572998047,
            "32": 1.3957537412643433,
            "33": 1.3938264846801758,
            "34": 1.385883092880249,
            "35": 1.3735889196395874,
            "36": 1.3683650493621826,
            "37": 1.359976887702942,
            "38": 1.3535770177841187,
            "39": 1.3511815071105957,
            "40": 1.3400474786758423,
            "41": 1.3414194583892822,
            "42": 1.3264713287353516,
            "43": 1.3248883485794067,
            "44": 1.3150296211242676,
            "45": 1.3071067333221436,
            "46": 1.3051789999008179,
            "47": 1.2966322898864746,
            "48": 1.2935364246368408,
            "49": 1.2816041707992554,
            "50": 1.2754943370819092,
            "51": 1.275428295135498,
            "52": 1.2628592252731323,
            "53": 1.262770414352417,
            "54": 1.2557346820831299,
            "55": 1.254473090171814,
            "56": 1.2394620180130005,
            "57": 1.2381858825683594,
            "58": 1.234523892402649,
            "59": 1.2263668775558472,
            "60": 1.2265894412994385,
            "61": 1.2152738571166992,
            "62": 1.2138632535934448,
            "63": 1.2034944295883179,
            "64": 1.2011405229568481,
            "65": 1.2010701894760132,
            "66": 1.1959701776504517,
            "67": 1.1856943368911743,
            "68": 1.1799726486206055,
            "69": 1.177614688873291,
            "70": 1.1774743795394897,
            "71": 1.168516993522644,
            "72": 1.1604856252670288,
            "73": 1.1612390279769897,
            "74": 1.1529501676559448,
            "75": 1.1497172117233276,
            "76": 1.1450088024139404,
            "77": 1.144666075706482,
            "78": 1.1389318704605103,
            "79": 1.1317745447158813,
            "80": 1.127564549446106,
            "81": 1.1250252723693848,
            "82": 1.118456482887268,
            "83": 1.1139192581176758,
            "84": 1.1122721433639526,
            "85": 1.1049096584320068,
            "86": 1.1028803586959839,
            "87": 1.0966837406158447,
            "88": 1.095465064048767,
            "89": 1.0875438451766968,
            "90": 1.0904086828231812,
            "91": 1.0868886709213257,
            "92": 1.0785136222839355,
            "93": 1.073852777481079,
            "94": 1.0716460943222046,
            "95": 1.0653189420700073,
            "96": 1.0655097961425781,
            "97": 1.0660945177078247,
            "98": 1.0536150932312012,
            "99": 1.0588334798812866
        },
        "accuracy": {
            "0": 0.13859906792640686,
            "1": 0.21447022259235382,
            "2": 0.2531908452510834,
            "3": 0.27745136618614197,
            "4": 0.3013320565223694,
            "5": 0.32369327545166016,
            "6": 0.33387356996536255,
            "7": 0.3420785963535309,
            "8": 0.36076784133911133,
            "9": 0.3672254979610443,
            "10": 0.37239161133766174,
            "11": 0.3870796263217926,
            "12": 0.3960697054862976,
            "13": 0.4045279622077942,
            "14": 0.40804800391197205,
            "15": 0.4157465696334839,
            "16": 0.4227360188961029,
            "17": 0.43220725655555725,
            "18": 0.4397791624069214,
            "19": 0.4470152258872986,
            "20": 0.45114970207214355,
            "21": 0.4567210376262665,
            "22": 0.46404245495796204,
            "23": 0.46763575077056885,
            "24": 0.4695603847503662,
            "25": 0.4732070565223694,
            "26": 0.47809460759162903,
            "27": 0.48353931307792664,
            "28": 0.48903465270996094,
            "29": 0.48703402280807495,
            "30": 0.49171900749206543,
            "31": 0.4972396790981293,
            "32": 0.4981006979942322,
            "33": 0.5039252638816833,
            "34": 0.5023044943809509,
            "35": 0.5093699097633362,
            "36": 0.5089647769927979,
            "37": 0.512965977191925,
            "38": 0.5173217058181763,
            "39": 0.517802894115448,
            "40": 0.5194236040115356,
            "41": 0.5208924412727356,
            "42": 0.5256533622741699,
            "43": 0.5293506979942322,
            "44": 0.5299331545829773,
            "45": 0.5312753319740295,
            "46": 0.5314019322395325,
            "47": 0.5370492339134216,
            "48": 0.5359096527099609,
            "49": 0.5424432754516602,
            "50": 0.5431776642799377,
            "51": 0.5447984337806702,
            "52": 0.5495593547821045,
            "53": 0.5493314266204834,
            "54": 0.5494833588600159,
            "55": 0.5530287623405457,
            "56": 0.5581189393997192,
            "57": 0.556599497795105,
            "58": 0.5566247701644897,
            "59": 0.5625253319740295,
            "60": 0.5609045624732971,
            "61": 0.5645765662193298,
            "62": 0.5654629468917847,
            "63": 0.5678940415382385,
            "64": 0.5720978379249573,
            "65": 0.5696160793304443,
            "66": 0.5721991658210754,
            "67": 0.5739718675613403,
            "68": 0.5817970037460327,
            "69": 0.5804548263549805,
            "70": 0.5772639513015747,
            "71": 0.5834683775901794,
            "72": 0.587849497795105,
            "73": 0.5835950374603271,
            "74": 0.5897487998008728,
            "75": 0.5899007320404053,
            "76": 0.588913083076477,
            "77": 0.5913695096969604,
            "78": 0.5948642492294312,
            "79": 0.596409022808075,
            "80": 0.5984349846839905,
            "81": 0.5974979996681213,
            "82": 0.6028667092323303,
            "83": 0.6036264300346375,
            "84": 0.6027147769927979,
            "85": 0.6059815883636475,
            "86": 0.6072984337806702,
            "87": 0.6113249659538269,
            "88": 0.609197735786438,
            "89": 0.6097041964530945,
            "90": 0.6108944416046143,
            "91": 0.6134268641471863,
            "92": 0.6162378191947937,