{
    "parameters": {
        "name_model": "VGG16-reg",
        "compile_parameters": "{'metrics': ['accuracy'], 'optimizer': <keras.optimizer_v2.gradient_descent.SGD object at 0x7f5b50081df0>}",
        "l2_reg": 0.002,
        "batch_size": 512,
        "epochs": 200,
        "initial_epoch": 0,
        "initial_lr": 0.05,
        "num_classes": 10,
        "dropout": 0,
        "batch_norm": false,
        "data_aug": false
    },
    "augmentation_parameters": {
        "used": "False",
        "rotation_range": "45",
        "horizontal_flip": "True",
        "zoom_range": "0.3"
    },
    "train_result": {
        "loss": {
            "0": 14.455708503723145,
            "1": 14.079475402832031,
            "2": 13.717485427856445,
            "3": 13.367278099060059,
            "4": 13.028433799743652,
            "5": 12.69837474822998,
            "6": 12.379984855651855,
            "7": 12.069387435913086,
            "8": 11.769862174987793,
            "9": 11.47815990447998,
            "10": 11.197966575622559,
            "11": 10.922767639160156,
            "12": 10.65882396697998,
            "13": 10.403029441833496,
            "14": 10.154472351074219,
            "15": 9.912232398986816,
            "16": 9.676993370056152,
            "17": 9.452783584594727,
            "18": 9.231703758239746,
            "19": 9.020200729370117,
            "20": 8.811555862426758,
            "21": 8.612395286560059,
            "22": 8.419622421264648,
            "23": 8.231249809265137,
            "24": 8.049678802490234,
            "25": 7.871582984924316,
            "26": 7.700961589813232,
            "27": 7.534255027770996,
            "28": 7.3747687339782715,
            "29": 7.217751979827881,
            "30": 7.067725658416748,
            "31": 6.9211506843566895,
            "32": 6.7797417640686035,
            "33": 6.641470909118652,
            "34": 6.507888317108154,
            "35": 6.379705905914307,
            "36": 6.253597736358643,
            "37": 6.132608413696289,
            "38": 6.014349460601807,
            "39": 5.900572299957275,
            "40": 5.78968620300293,
            "41": 5.683047771453857,
            "42": 5.5793137550354,
            "43": 5.478053092956543,
            "44": 5.380918502807617,
            "45": 5.286502361297607,
            "46": 5.194479942321777,
            "47": 5.105998516082764,
            "48": 5.020060062408447,
            "49": 4.935824394226074,
            "50": 4.854863166809082,
            "51": 4.776670455932617,
            "52": 4.7008466720581055,
            "53": 4.6273322105407715,
            "54": 4.55561637878418,
            "55": 4.486419677734375
        },
        "accuracy": {
            "0": 0.09919469058513641,
            "1": 0.09909339249134064,
            "2": 0.09808042645454407,
            "3": 0.09952390938997269,
            "4": 0.09927066415548325,
            "5": 0.09820704907178879,
            "6": 0.09820704907178879,
            "7": 0.1001570075750351,
            "8": 0.1007901132106781,
            "9": 0.09977714717388153,
            "10": 0.10081543773412704,
            "11": 0.10063816606998444,
            "12": 0.10020765662193298,
            "13": 0.0997011736035347,
            "14": 0.10008103400468826,
            "15": 0.09800446033477783,
            "16": 0.09886547923088074,
            "17": 0.09813107550144196,
            "18": 0.09863755851984024,
            "19": 0.09871353209018707,
            "20": 0.09896677732467651,
            "21": 0.0992453396320343,
            "22": 0.09962520003318787,
            "23": 0.09835899621248245,
            "24": 0.09886547923088074,
            "25": 0.10068881511688232,
            "26": 0.09820704907178879,
            "27": 0.09914404153823853,
            "28": 0.09668760001659393,
            "29": 0.09810575097799301,
            "30": 0.0970674604177475,
            "31": 0.09856158494949341,
            "32": 0.09851094335317612,
            "33": 0.09977714717388153,
            "34": 0.09911871701478958,
            "35": 0.097928486764431,
            "36": 0.09818172454833984,
            "37": 0.09802978485822678,
            "38": 0.09805510193109512,
            "39": 0.09949858486652374,
            "40": 0.10000506788492203,
            "41": 0.09825769811868668,
            "42": 0.09828302264213562,
            "43": 0.09825769811868668,
            "44": 0.09681422263383865,
            "45": 0.09833367168903351,
            "46": 0.09967584908008575,
            "47": 0.09919469058513641,
            "48": 0.09633306413888931,
            "49": 0.09696616977453232,
            "50": 0.09871353209018707,
            "51": 0.09775121510028839,
            "52": 0.09985312074422836,
            "53": 0.09716875851154327,
            "54": 0.09727005660533905,
            "55": 0.09932131320238113
        },
        "val_loss": {
            "0": 14.263521194458008,
            "1": 13.896012306213379,
            "2": 13.539868354797363,
            "3": 13.194595336914062,
            "4": 12.859908103942871,
            "5": 12.53558349609375,
            "6": 12.221162796020508,
            "7": 11.916428565979004,
            "8": 11.621058464050293,
            "9": 11.334784507751465,
            "10": 11.057221412658691,
            "11": 10.788252830505371,
            "12": 10.527544975280762,
            "13": 10.27485179901123,
            "14": 10.029919624328613,
            "15": 9.792512893676758,
            "16": 9.562347412109375,
            "17": 9.339339256286621,
            "18": 9.123048782348633,
            "19": 8.913473129272461,
            "20": 8.710379600524902,
            "21": 8.5135498046875,
            "22": 8.322681427001953,
            "23": 8.13766098022461,
            "24": 7.95842981338501,
            "25": 7.784693717956543,
            "26": 7.616237163543701,
            "27": 7.452981472015381,
            "28": 7.294709205627441,
            "29": 7.141392707824707,
            "30": 6.992635250091553,
            "31": 6.848527431488037,
            "32": 6.708892822265625,
            "33": 6.573484897613525,
            "34": 6.4422478675842285,
            "35": 6.31505823135376,
            "36": 6.191775798797607,
            "37": 6.072251796722412,
            "38": 5.956442356109619,
            "39": 5.844196796417236,
            "40": 5.73533296585083,
            "41": 5.629906177520752,
            "42": 5.527697563171387,
            "43": 5.428564548492432,
            "44": 5.3324809074401855,
            "45": 5.239401817321777,
            "46": 5.149136543273926,
            "47": 5.061704635620117,
            "48": 4.976963996887207,
            "49": 4.894707679748535,
            "50": 4.815146446228027,
            "51": 4.737957954406738,
            "52": 4.663109302520752,
            "53": 4.590657711029053,
            "54": 4.5202836990356445,
            "55": 4.452111721038818
        },
        "val_accuracy": {
            "0": 0.09908854216337204,
            "1": 0.0983072891831398,
            "2": 0.09479166567325592,
            "3": 0.09843750298023224,
            "4": 0.10039062798023224,
            "5": 0.099609375,
            "6": 0.0983072891831398,
            "7": 0.09882812201976776,
            "8": 0.09804687649011612,
            "9": 0.09687499701976776,
            "10": 0.1002604141831398,
            "11": 0.10013020783662796,
            "12": 0.10000000149011612,
            "13": 0.09739582985639572,
            "14": 0.0970052108168602,
            "15": 0.09921874850988388,
            "16": 0.09739582985639572,
            "17": 0.09674479067325592,
            "18": 0.09973958134651184,
            "19": 0.10052083432674408,
            "20": 0.09908854216337204,
            "21": 0.0963541641831398,
            "22": 0.09583333134651184,
            "23": 0.10000000149011612,
            "24": 0.099609375,