{
    "parameters": {
        "name_model": "LSTM_doubleSweep",
        "compile_parameters": "{'metrics': ['accuracy'], 'optimizer': <keras.optimizer_v2.gradient_descent.SGD object at 0x7f403a61f550>}",
        "l2_reg": 0,
        "batch_size": 512,
        "epochs": 100,
        "initial_epoch": 0,
        "initial_lr": 0.02,
        "num_classes": 10,
        "dropout": 0,
        "batch_norm": false,
        "data_aug": false
    },
    "augmentation_parameters": {
        "used": "False",
        "rotation_range": "45",
        "horizontal_flip": "True",
        "zoom_range": "0.3"
    },
    "train_result": {
        "loss": {
            "0": 2.3001039028167725,
            "1": 2.289029836654663,
            "2": 2.2579188346862793,
            "3": 2.160109043121338,
            "4": 2.123063325881958,
            "5": 2.1036806106567383,
            "6": 2.0840773582458496,
            "7": 2.057888984680176,
            "8": 2.0375466346740723,
            "9": 2.020878553390503,
            "10": 1.994650959968567,
            "11": 1.9810476303100586,
            "12": 1.962091326713562,
            "13": 1.9491605758666992,
            "14": 1.931020736694336,
            "15": 1.9136420488357544,
            "16": 1.902230143547058,
            "17": 1.8834091424942017,
            "18": 1.8705592155456543,
            "19": 1.860154151916504,
            "20": 1.8470290899276733,
            "21": 1.8363460302352905,
            "22": 1.8258448839187622,
            "23": 1.8168087005615234,
            "24": 1.8079243898391724,
            "25": 1.7986613512039185,
            "26": 1.7923617362976074,
            "27": 1.7844555377960205,
            "28": 1.7740715742111206,
            "29": 1.7754583358764648,
            "30": 1.7648608684539795,
            "31": 1.7589192390441895,
            "32": 1.7511733770370483,
            "33": 1.7455320358276367,
            "34": 1.737857460975647,
            "35": 1.7304242849349976,
            "36": 1.7227576971054077,
            "37": 1.7213985919952393,
            "38": 1.7099195718765259,
            "39": 1.7070389986038208,
            "40": 1.698110580444336,
            "41": 1.6921006441116333,
            "42": 1.6838366985321045,
            "43": 1.6812762022018433,
            "44": 1.6710481643676758,
            "45": 1.6626532077789307,
            "46": 1.6563912630081177,
            "47": 1.6460983753204346,
            "48": 1.6438127756118774,
            "49": 1.6339820623397827,
            "50": 1.6238322257995605,
            "51": 1.6183727979660034,
            "52": 1.6112483739852905,
            "53": 1.6002589464187622,
            "54": 1.5915594100952148,
            "55": 1.592321753501892,
            "56": 1.5852383375167847,
            "57": 1.5670808553695679,
            "58": 1.564077615737915,
            "59": 1.5583388805389404,
            "60": 1.5548018217086792,
            "61": 1.5482892990112305,
            "62": 1.5430704355239868,
            "63": 1.5404013395309448,
            "64": 1.523574948310852,
            "65": 1.5267536640167236,
            "66": 1.5202858448028564,
            "67": 1.5112674236297607,
            "68": 1.5101560354232788,
            "69": 1.5024882555007935,
            "70": 1.497401475906372,
            "71": 1.4982911348342896,
            "72": 1.4921239614486694,
            "73": 1.484204649925232,
            "74": 1.4717830419540405,
            "75": 1.4807294607162476,
            "76": 1.4736353158950806,
            "77": 1.4685066938400269,
            "78": 1.4611942768096924,
            "79": 1.4563554525375366,
            "80": 1.454434871673584,
            "81": 1.449575424194336,
            "82": 1.4438384771347046,
            "83": 1.4377189874649048,
            "84": 1.4397858381271362,
            "85": 1.434051752090454,
            "86": 1.428773283958435,
            "87": 1.422818660736084,
            "88": 1.4172484874725342,
            "89": 1.416130781173706,
            "90": 1.412327527999878,
            "91": 1.4103338718414307,
            "92": 1.4064067602157593,
            "93": 1.4028071165084839,
            "94": 1.3949933052062988,
            "95": 1.3901140689849854,
            "96": 1.3912655115127563,
            "97": 1.3895153999328613,
            "98": 1.3788360357284546,
            "99": 1.3798127174377441
        },
        "accuracy": {
            "0": 0.09129355847835541,
            "1": 0.10557638108730316,
            "2": 0.1436638981103897,
            "3": 0.1896778792142868,
            "4": 0.21424229443073273,
            "5": 0.23093090951442719,
            "6": 0.2435929924249649,
            "7": 0.2539505660533905,
            "8": 0.25861021876335144,
            "9": 0.2662580907344818,
            "10": 0.2736378312110901,
            "11": 0.27967989444732666,
            "12": 0.28882190585136414,
            "13": 0.2923419773578644,
            "14": 0.30171191692352295,
            "15": 0.30943578481674194,
            "16": 0.3159440755844116,
            "17": 0.3253646790981293,
            "18": 0.3322021961212158,
            "19": 0.33673879504203796,
            "20": 0.34382596611976624,
            "21": 0.34613046050071716,
            "22": 0.35200566053390503,
            "23": 0.35458874702453613,
            "24": 0.3588685095310211,
            "25": 0.3619327247142792,
            "26": 0.36221131682395935,
            "27": 0.3669722378253937,
            "28": 0.37158122658729553,
            "29": 0.36993518471717834,
            "30": 0.37360715866088867,
            "31": 0.3742656111717224,
            "32": 0.3781908452510834,
            "33": 0.38074856996536255,
            "34": 0.3823186755180359,
            "35": 0.38366085290908813,
            "36": 0.385256290435791,
            "37": 0.3877127170562744,
            "38": 0.38996657729148865,
            "39": 0.39424633979797363,
            "40": 0.39295482635498047,
            "41": 0.398526132106781,
            "42": 0.3990326225757599,
            "43": 0.4000202715396881,
            "44": 0.404983788728714,
            "45": 0.4085544943809509,
            "46": 0.4098966717720032,
            "47": 0.4122011661529541,
            "48": 0.4137459397315979,
            "49": 0.41559460759162903,
            "50": 0.4201022982597351,
            "51": 0.4216470718383789,
            "52": 0.4256989359855652,
            "53": 0.4281047284603119,
            "54": 0.4294722378253937,
            "55": 0.4304092526435852,
            "56": 0.4337266981601715,
            "57": 0.438766211271286,
            "58": 0.43901944160461426,
            "59": 0.44188109040260315,
            "60": 0.4440336227416992,
            "61": 0.44565436244010925,
            "62": 0.4468192756175995,
            "63": 0.44679397344589233,
            "64": 0.45337823033332825,
            "65": 0.4545431435108185,
            "66": 0.45545482635498047,
            "67": 0.4560879170894623,
            "68": 0.4590761661529541,
            "69": 0.460848867893219,
            "70": 0.46168455481529236,
            "71": 0.4622163772583008,
            "72": 0.4637104868888855,
            "73": 0.4658377170562744,
            "74": 0.4692058265209198,
            "75": 0.4697376489639282,
            "76": 0.47158631682395935,
            "77": 0.4735109508037567,
            "78": 0.47609400749206543,
            "79": 0.47827187180519104,
            "80": 0.47763878107070923,
            "81": 0.4818172752857208,
            "82": 0.48131078481674194,
            "83": 0.48440033197402954,
            "84": 0.4833367168903351,
            "85": 0.4878190755844116,
            "86": 0.4873632490634918,
            "87": 0.4906047284603119,
            "88": 0.4903768301010132,
            "89": 0.4920482039451599,
            "90": 0.4940488338470459,
            "91": 0.49288392066955566,
            "92": 0.4970877170562744,