{
    "parameters": {
        "name_model": "VGG16",
        "compile_parameters": "{'metrics': ['accuracy'], 'optimizer': <keras.optimizer_v2.gradient_descent.SGD object at 0x7f652c3d5610>}",
        "l2_reg": 0,
        "batch_size": 512,
        "epochs": 200,
        "initial_epoch": 0,
        "initial_lr": 0.05,
        "num_classes": 10,
        "dropout": 0,
        "batch_norm": false,
        "data_aug": false
    },
    "augmentation_parameters": {
        "used": "False",
        "rotation_range": "45",
        "horizontal_flip": "True",
        "zoom_range": "0.3"
    },
    "train_result": {
        "loss": {
            "0": 2.302564859390259,
            "1": 2.3024559020996094,
            "2": 2.3023550510406494,
            "3": 2.3021695613861084,
            "4": 2.301854372024536,
            "5": 2.3012359142303467,
            "6": 2.2998692989349365,
            "7": 2.2962348461151123,
            "8": 2.2834746837615967,
            "9": 2.237574338912964,
            "10": 2.1809887886047363,
            "11": 2.120067834854126,
            "12": 2.066532850265503,
            "13": 2.045804977416992,
            "14": 2.0055594444274902,
            "15": 2.0007266998291016,
            "16": 1.9891927242279053,
            "17": 1.9584952592849731,
            "18": 1.9370366334915161,
            "19": 1.9224958419799805,
            "20": 1.8825749158859253,
            "21": 1.8633414506912231,
            "22": 1.8457019329071045,
            "23": 1.8201342821121216,
            "24": 1.8048686981201172,
            "25": 1.7772250175476074,
            "26": 1.7531453371047974,
            "27": 1.7465577125549316,
            "28": 1.7276370525360107,
            "29": 1.709942102432251,
            "30": 1.7010314464569092,
            "31": 1.6859127283096313,
            "32": 1.6638660430908203,
            "33": 1.6405423879623413,
            "34": 1.6211605072021484,
            "35": 1.6181374788284302,
            "36": 1.5938444137573242,
            "37": 1.5813839435577393,
            "38": 1.5622584819793701,
            "39": 1.5507467985153198,
            "40": 1.5233614444732666,
            "41": 1.509947657585144,
            "42": 1.4924081563949585,
            "43": 1.4594923257827759,
            "44": 1.4437170028686523,
            "45": 1.4190813302993774,
            "46": 1.3934816122055054,
            "47": 1.3581465482711792,
            "48": 1.332073450088501,
            "49": 1.3217614889144897,
            "50": 1.2780497074127197,
            "51": 1.2420209646224976,
            "52": 1.2089499235153198,
            "53": 1.1820425987243652,
            "54": 1.1944971084594727,
            "55": 1.1033787727355957,
            "56": 1.075933814048767,
            "57": 1.0012959241867065,
            "58": 0.968151330947876,
            "59": 0.9005776643753052,
            "60": 0.8899105787277222,
            "61": 0.8056336641311646,
            "62": 0.7417355179786682,
            "63": 0.675186038017273,
            "64": 0.6524319052696228,
            "65": 0.527045488357544,
            "66": 0.6525874733924866,
            "67": 0.4155730903148651,
            "68": 0.37084969878196716,
            "69": 0.3546009361743927,
            "70": 0.3328034579753876,
            "71": 0.2544260323047638,
            "72": 0.27882131934165955,
            "73": 1.4183861017227173,
            "74": 0.459189772605896,
            "75": 0.22852671146392822,
            "76": 0.16180670261383057,
            "77": 0.29606735706329346,
            "78": 0.7404545545578003,
            "79": 0.7415563464164734,
            "80": 0.11605910211801529,
            "81": 0.1797407567501068,
            "82": 0.15050508081912994,
            "83": 0.04065730422735214,
            "84": 0.03462250903248787,
            "85": 0.030477851629257202,
            "86": 0.5153141617774963,
            "87": 0.03129403293132782,
            "88": 0.09820275753736496,
            "89": 0.05940592288970947,
            "90": 0.01766302064061165,
            "91": 0.015055825002491474,
            "92": 0.022183896973729134,
            "93": 0.04168674722313881,
            "94": 0.11428500711917877,
            "95": 0.11125540733337402,
            "96": 0.007971802726387978,
            "97": 0.0039429678581655025,
            "98": 0.004442066419869661
        },
        "accuracy": {
            "0": 0.10071413964033127,
            "1": 0.10689323395490646,
            "2": 0.10755166411399841,
            "3": 0.1115528792142868,
            "4": 0.12596231698989868,
            "5": 0.13325567543506622,
            "6": 0.156427264213562,
            "7": 0.15523703396320343,
            "8": 0.17116592824459076,
            "9": 0.16204923391342163,
            "10": 0.19337520003318787,
            "11": 0.21918050944805145,
            "12": 0.2434663623571396,
            "13": 0.2528616189956665,
            "14": 0.26524513959884644,
            "15": 0.2684359848499298,
            "16": 0.2751722037792206,
            "17": 0.2852512300014496,
            "18": 0.2911010980606079,
            "19": 0.29753342270851135,
            "20": 0.3104993999004364,
            "21": 0.31974270939826965,
            "22": 0.32311081886291504,
            "23": 0.33496251702308655,
            "24": 0.34086304903030396,
            "25": 0.3531452715396881,
            "26": 0.3657820224761963,
            "27": 0.36889687180519104,
            "28": 0.38024210929870605,
            "29": 0.3840913772583008,
            "30": 0.389536052942276,
            "31": 0.39528465270996094,
            "32": 0.40045076608657837,
            "33": 0.41027653217315674,
            "34": 0.4180939495563507,
            "35": 0.4182789623737335,
            "36": 0.427420973777771,
            "37": 0.43347346782684326,
            "38": 0.4401843547821045,
            "39": 0.4488452076911926,
            "40": 0.4517574906349182,
            "41": 0.46138066053390503,
            "42": 0.46695199608802795,
            "43": 0.4761953055858612,
            "44": 0.4874138832092285,
            "45": 0.49217483401298523,
            "46": 0.5037732720375061,
            "47": 0.517625629901886,
            "48": 0.5228676795959473,
            "49": 0.5311740040779114,
            "50": 0.5461912751197815,
            "51": 0.5592331886291504,
            "52": 0.5685018301010132,
            "53": 0.5820502638816833,
            "54": 0.5798470377922058,
            "55": 0.6105652451515198,
            "56": 0.6243922114372253,
            "57": 0.6498429775238037,
            "58": 0.6598713397979736,
            "59": 0.6872214078903198,
            "60": 0.6858032941818237,
            "61": 0.7203201055526733,
            "62": 0.7463533282279968,
            "63": 0.7726904153823853,
            "64": 0.7806422114372253,
            "65": 0.8265295624732971,
            "66": 0.7932789921760559,
            "67": 0.8664657473564148,
            "68": 0.8791025280952454,
            "69": 0.8862692713737488,
            "70": 0.8938918113708496,
            "71": 0.918684184551239,
            "72": 0.9175698757171631,
            "73": 0.5384674072265625,
            "74": 0.8627937436103821,
            "75": 0.9337520003318787,
            "76": 0.9537074565887451,
            "77": 0.91951984167099,
            "78": 0.7943172454833984,
            "79": 0.747113049030304,
            "80": 0.9646221399307251,
            "81": 0.9493517279624939,
            "82": 0.9590508341789246,
            "83": 0.9887054562568665,
            "84": 0.9900729060173035,
            "85": 0.9914404153823853,
            "86": 0.8426357507705688,
            "87": 0.9912125468254089,
            "88": 0.9741693735122681,
            "89": 0.9850334525108337,
            "90": 0.995466947555542,
            "91": 0.9962773323059082,
            "92": 0.9936943054199219,