{
    "parameters": {
        "name_model": "VGG19-reg",
        "compile_parameters": "{'metrics': ['accuracy'], 'optimizer': <keras.optimizer_v2.gradient_descent.SGD object at 0x7f9a9071dcd0>}",
        "l2_reg": 0.0002,
        "batch_size": 512,
        "epochs": 200,
        "initial_epoch": 0,
        "initial_lr": 0.05,
        "num_classes": 10,
        "dropout": 0,
        "batch_norm": false,
        "data_aug": false
    },
    "augmentation_parameters": {
        "used": "False",
        "rotation_range": "45",
        "horizontal_flip": "True",
        "zoom_range": "0.3"
    },
    "train_result": {
        "loss": {
            "0": 3.534730911254883,
            "1": 3.530900716781616,
            "2": 3.5270323753356934,
            "3": 3.523240804672241,
            "4": 3.5193867683410645,
            "5": 3.515594244003296,
            "6": 3.5118014812469482,
            "7": 3.508044481277466,
            "8": 3.5042426586151123,
            "9": 3.5004942417144775,
            "10": 3.496697187423706,
            "11": 3.4930098056793213,
            "12": 3.489258289337158,
            "13": 3.4854938983917236,
            "14": 3.4817583560943604,
            "15": 3.4780051708221436,
            "16": 3.4742536544799805,
            "17": 3.4704573154449463,
            "18": 3.4665417671203613,
            "19": 3.462611675262451,
            "20": 3.4583096504211426,
            "21": 3.453465700149536,
            "22": 3.4469292163848877,
            "23": 3.434462785720825,
            "24": 3.403557300567627,
            "25": 3.4306704998016357,
            "26": 3.440389633178711,
            "27": 3.4357099533081055,
            "28": 3.4320995807647705,
            "29": 3.428557872772217,
            "30": 3.425065040588379,
            "31": 3.421555757522583,
            "32": 3.4180495738983154,
            "33": 3.4145584106445312,
            "34": 3.411102056503296,
            "35": 3.4076521396636963,
            "36": 3.404207468032837,
            "37": 3.4007835388183594,
            "38": 3.397338390350342,
            "39": 3.3939273357391357,
            "40": 3.390536069869995,
            "41": 3.387122631072998,
            "42": 3.383754253387451,
            "43": 3.3803889751434326,
            "44": 3.3769946098327637,
            "45": 3.3736538887023926,
            "46": 3.3703482151031494,
            "47": 3.3670105934143066,
            "48": 3.363682270050049
        },
        "accuracy": {
            "0": 0.0986122339963913,
            "1": 0.09959987550973892,
            "2": 0.09916936606168747,
            "3": 0.1007901132106781,
            "4": 0.09805510193109512,
            "5": 0.09856158494949341,
            "6": 0.10276539623737335,
            "7": 0.09990376979112625,
            "8": 0.09835899621248245,
            "9": 0.10005570948123932,
            "10": 0.10349979996681213,
            "11": 0.10694388300180435,
            "12": 0.10580429434776306,
            "13": 0.10572832077741623,
            "14": 0.10367706418037415,
            "15": 0.10717179626226425,
            "16": 0.11676964908838272,
            "17": 0.11813715845346451,
            "18": 0.125177264213562,
            "19": 0.1355348527431488,
            "20": 0.14328403770923615,
            "21": 0.15032415091991425,
            "22": 0.16063107550144196,
            "23": 0.172052264213562,
            "24": 0.16245441138744354,
            "25": 0.11988452076911926,
            "26": 0.09754861891269684,
            "27": 0.10000506788492203,
            "28": 0.09952390938997269,
            "29": 0.0972447320818901,
            "30": 0.09734603017568588,
            "31": 0.09997974336147308,
            "32": 0.09922001510858536,
            "33": 0.0990680679678917,
            "34": 0.09630773961544037,
            "35": 0.09680488705635071,
            "36": 0.09848561882972717,
            "37": 0.09600385278463364,
            "38": 0.0988401547074318,
            "39": 0.09734603017568588,
            "40": 0.09703024476766586,
            "41": 0.09871353209018707,
            "42": 0.09995441883802414,
            "43": 0.09813107550144196,
            "44": 0.0981564000248909,
            "45": 0.10048622637987137,
            "46": 0.10003039240837097,
            "47": 0.09835899621248245,
            "48": 0.09760616719722748
        },
        "val_loss": {
            "0": 3.5327908992767334,
            "1": 3.5289273262023926,
            "2": 3.525149345397949,
            "3": 3.5213160514831543,
            "4": 3.5174522399902344,
            "5": 3.5136919021606445,
            "6": 3.509894609451294,
            "7": 3.506096124649048,
            "8": 3.5023484230041504,
            "9": 3.4986143112182617,
            "10": 3.494785785675049,
            "11": 3.4911227226257324,
            "12": 3.4873616695404053,
            "13": 3.4836041927337646,
            "14": 3.4798777103424072,
            "15": 3.4760959148406982,
            "16": 3.4723589420318604,
            "17": 3.4685215950012207,
            "18": 3.4645166397094727,
            "19": 3.460444211959839,
            "20": 3.4560091495513916,
            "21": 3.4507758617401123,
            "22": 3.4422671794891357,
            "23": 3.422661066055298,
            "24": 3.389981269836426,
            "25": 3.4441068172454834,
            "26": 3.437448024749756,
            "27": 3.433685779571533,
            "28": 3.4302847385406494,
            "29": 3.4268205165863037,
            "30": 3.4232711791992188,
            "31": 3.4197051525115967,
            "32": 3.4162795543670654,
            "33": 3.4128174781799316,
            "34": 3.4093377590179443,
            "35": 3.4059135913848877,
            "36": 3.4024624824523926,
            "37": 3.3990423679351807,
            "38": 3.395620822906494,
            "39": 3.3922200202941895,
            "40": 3.3887441158294678,
            "41": 3.3854706287384033,
            "42": 3.382155418395996,
            "43": 3.378702402114868,
            "44": 3.375258207321167,
            "45": 3.3719847202301025,
            "46": 3.368614673614502,
            "47": 3.3653957843780518,
            "48": 3.362020969390869
        },
        "val_accuracy": {
            "0": 0.09908854216337204,
            "1": 0.1002604141831398,
            "2": 0.09778645634651184,
            "3": 0.09843750298023224,
            "4": 0.10039062798023224,
            "5": 0.14921875298023224,
            "6": 0.0983072891831398,
            "7": 0.09882812201976776,
            "8": 0.09804687649011612,
            "9": 0.0989583358168602,
            "10": 0.12109375,
            "11": 0.09765625,
            "12": 0.10000000149011612,
            "13": 0.09739582985639572,
            "14": 0.0970052108168602,
            "15": 0.13463541865348816,
            "16": 0.134765625,
            "17": 0.13463541865348816,
            "18": 0.15963540971279144,
            "19": 0.16002604365348816,
            "20": 0.13919271528720856,
            "21": 0.15351562201976776,
            "22": 0.1666666716337204,
            "23": 0.17343750596046448,
            "24": 0.1588541716337204,
            "25": 0.0983072891831398,
            "26": 0.1002604141831398,
            "27": 0.10208333283662796,
            "28": 0.09856770932674408,
            "29": 0.10039062798023224,
            "30": 0.09973958134651184,
            "31": 0.10182292014360428,
            "32": 0.0989583358168602,
            "33": 0.10013020783662796,
            "34": 0.10130207985639572,
            "35": 0.09726562350988388,
            "36": 0.09908854216337204,
            "37": 0.09726562350988388,
            "38": 0.09674479067325592,
            "39": 0.09817708283662796,
            "40": 0.09908854216337204,
            "41": 0.0989583358168602,
            "42": 0.09661458432674408,
            "43": 0.1002604141831398,