{
    "parameters": {
        "name_model": "LSTM_singleSweep",
        "compile_parameters": "{'metrics': ['accuracy'], 'optimizer': <keras.optimizer_v2.gradient_descent.SGD object at 0x7f0ec443d430>}",
        "l2_reg": 0,
        "batch_size": 512,
        "epochs": 100,
        "initial_epoch": 0,
        "initial_lr": 0.02,
        "num_classes": 10,
        "dropout": 0,
        "batch_norm": false,
        "data_aug": false
    },
    "augmentation_parameters": {
        "used": "False",
        "rotation_range": "45",
        "horizontal_flip": "True",
        "zoom_range": "0.3"
    },
    "train_result": {
        "loss": {
            "0": 2.2382965087890625,
            "1": 2.066713809967041,
            "2": 1.9835114479064941,
            "3": 1.9432580471038818,
            "4": 1.9102132320404053,
            "5": 1.8753094673156738,
            "6": 1.8569543361663818,
            "7": 1.8386074304580688,
            "8": 1.8191719055175781,
            "9": 1.808330774307251,
            "10": 1.7927638292312622,
            "11": 1.7744680643081665,
            "12": 1.7616486549377441,
            "13": 1.7565903663635254,
            "14": 1.7384129762649536,
            "15": 1.7301435470581055,
            "16": 1.7202239036560059,
            "17": 1.7103030681610107,
            "18": 1.7006962299346924,
            "19": 1.6944607496261597,
            "20": 1.6824419498443604,
            "21": 1.6755508184432983,
            "22": 1.6666934490203857,
            "23": 1.662261724472046,
            "24": 1.6525906324386597,
            "25": 1.6494871377944946,
            "26": 1.6402268409729004,
            "27": 1.6340683698654175,
            "28": 1.6282224655151367,
            "29": 1.625030755996704,
            "30": 1.6169261932373047,
            "31": 1.6103134155273438,
            "32": 1.6070305109024048,
            "33": 1.6031880378723145,
            "34": 1.5965980291366577,
            "35": 1.5918484926223755,
            "36": 1.5879751443862915,
            "37": 1.5817512273788452,
            "38": 1.5765622854232788,
            "39": 1.5739216804504395,
            "40": 1.5699809789657593,
            "41": 1.567260980606079,
            "42": 1.5585740804672241,
            "43": 1.5574445724487305,
            "44": 1.5490931272506714,
            "45": 1.5468909740447998,
            "46": 1.542770266532898,
            "47": 1.5406324863433838,
            "48": 1.5347849130630493,
            "49": 1.528261423110962,
            "50": 1.5289522409439087,
            "51": 1.5223885774612427,
            "52": 1.5202553272247314,
            "53": 1.520985722541809,
            "54": 1.5120145082473755,
            "55": 1.507811427116394,
            "56": 1.5059374570846558,
            "57": 1.4985806941986084,
            "58": 1.49922776222229,
            "59": 1.490707516670227,
            "60": 1.4884299039840698,
            "61": 1.484347939491272,
            "62": 1.4775692224502563,
            "63": 1.4762868881225586,
            "64": 1.4684652090072632,
            "65": 1.467036485671997,
            "66": 1.4673779010772705,
            "67": 1.455383062362671,
            "68": 1.4549614191055298,
            "69": 1.4507057666778564,
            "70": 1.4464707374572754,
            "71": 1.4425865411758423,
            "72": 1.4432337284088135,
            "73": 1.4382014274597168,
            "74": 1.4326331615447998,
            "75": 1.4319720268249512,
            "76": 1.4233442544937134,
            "77": 1.4158254861831665,
            "78": 1.4160492420196533,
            "79": 1.4094741344451904,
            "80": 1.4131368398666382,
            "81": 1.4003305435180664,
            "82": 1.4001877307891846,
            "83": 1.3900002241134644,
            "84": 1.385833740234375,
            "85": 1.385209083557129,
            "86": 1.3779833316802979,
            "87": 1.3733258247375488,
            "88": 1.374467372894287,
            "89": 1.3667093515396118,
            "90": 1.3621280193328857,
            "91": 1.3565247058868408,
            "92": 1.3536113500595093,
            "93": 1.3468660116195679,
            "94": 1.3452332019805908,
            "95": 1.343342900276184,
            "96": 1.331396460533142,
            "97": 1.3374439477920532,
            "98": 1.3218204975128174,
            "99": 1.322828769683838
        },
        "accuracy": {
            "0": 0.17929497361183167,
            "1": 0.2772487699985504,
            "2": 0.30011647939682007,
            "3": 0.31665316224098206,
            "4": 0.33027756214141846,
            "5": 0.34136953949928284,
            "6": 0.34653565287590027,
            "7": 0.350384920835495,
            "8": 0.35871657729148865,
            "9": 0.36266714334487915,
            "10": 0.3679092526435852,
            "11": 0.3786466717720032,
            "12": 0.38350892066955566,
            "13": 0.3836861848831177,
            "14": 0.39214444160461426,
            "15": 0.39419570565223694,
            "16": 0.3957151472568512,
            "17": 0.4004760980606079,
            "18": 0.4044772982597351,
            "19": 0.4061487019062042,
            "20": 0.4118972718715668,
            "21": 0.41296088695526123,
            "22": 0.4188361167907715,
            "23": 0.41908934712409973,
            "24": 0.42179903388023376,
            "25": 0.42281198501586914,
            "26": 0.42184966802597046,
            "27": 0.4274969696998596,
            "28": 0.4278768301010132,
            "29": 0.42848458886146545,
            "30": 0.433397501707077,
            "31": 0.4347649812698364,
            "32": 0.4372214376926422,
            "33": 0.4374493658542633,
            "34": 0.43757596611976624,
            "35": 0.4402603209018707,
            "36": 0.4400577247142792,
            "37": 0.44266611337661743,
            "38": 0.444312185049057,
            "39": 0.4474777281284332,
            "40": 0.4488199055194855,
            "41": 0.4475283622741699,
            "42": 0.45206138491630554,
            "43": 0.45233994722366333,
            "44": 0.4540873169898987,
            "45": 0.4553028643131256,
            "46": 0.4575820565223694,
            "47": 0.45755672454833984,
            "48": 0.45927876234054565,
            "49": 0.4631027281284332,
            "50": 0.46368518471717834,
            "51": 0.4654831886291504,
            "52": 0.46631887555122375,
            "53": 0.46477410197257996,
            "54": 0.4680662453174591,
            "55": 0.46796494722366333,
            "56": 0.4693071246147156,
            "57": 0.47315704822540283,
            "58": 0.47191551327705383,
            "59": 0.4751570224761963,
            "60": 0.47632190585136414,
            "61": 0.4772335886955261,
            "62": 0.4799179434776306,
            "63": 0.48166531324386597,
            "64": 0.4846029281616211,
            "65": 0.48521068692207336,
            "66": 0.4833873510360718,
            "67": 0.4884268641471863,
            "68": 0.48754051327705383,
            "69": 0.4882242679595947,
            "70": 0.4889586567878723,
            "71": 0.49366897344589233,
            "72": 0.49252936244010925,
            "73": 0.4924027621746063,
            "74": 0.4967838227748871,
            "75": 0.4968598186969757,
            "76": 0.5003798604011536,
            "77": 0.5035454034805298,
            "78": 0.5004558563232422,
            "79": 0.5026336908340454,
            "80": 0.5023044943809509,
            "81": 0.5071667432785034,
            "82": 0.5094965696334839,
            "83": 0.5118517279624939,
            "84": 0.5108387470245361,
            "85": 0.5134217739105225,
            "86": 0.5159541964530945,
            "87": 0.5150425434112549,
            "88": 0.5158782601356506,
            "89": 0.5169671773910522,
            "90": 0.5195249319076538,
            "91": 0.5233741998672485,
            "92": 0.523171603679657,