{
    "parameters": {
        "name_model": "LSTM_singleSweep_dropout",
        "compile_parameters": "{'metrics': ['accuracy'], 'optimizer': <keras.optimizer_v2.gradient_descent.SGD object at 0x7f0978418be0>}",
        "l2_reg": 0,
        "batch_size": 512,
        "epochs": 100,
        "initial_epoch": 0,
        "initial_lr": 0.1,
        "num_classes": 10,
        "dropout": 0.1,
        "batch_norm": false,
        "data_aug": false
    },
    "augmentation_parameters": {
        "used": "False",
        "rotation_range": "45",
        "horizontal_flip": "True",
        "zoom_range": "0.3"
    },
    "train_result": {
        "loss": {
            "0": 2.1162986755371094,
            "1": 1.9247137308120728,
            "2": 1.8645894527435303,
            "3": 1.8062174320220947,
            "4": 1.784506916999817,
            "5": 1.7468712329864502,
            "6": 1.7183297872543335,
            "7": 1.6966404914855957,
            "8": 1.6681957244873047,
            "9": 1.6611195802688599,
            "10": 1.6504651308059692,
            "11": 1.6265654563903809,
            "12": 1.6207249164581299,
            "13": 1.6072415113449097,
            "14": 1.600062608718872,
            "15": 1.5875636339187622,
            "16": 1.5790754556655884,
            "17": 1.561231017112732,
            "18": 1.5541731119155884,
            "19": 1.5483444929122925,
            "20": 1.5271769762039185,
            "21": 1.5179429054260254,
            "22": 1.5072956085205078,
            "23": 1.4984463453292847,
            "24": 1.4928441047668457,
            "25": 1.474746823310852,
            "26": 1.4742217063903809,
            "27": 1.4632140398025513,
            "28": 1.4521167278289795,
            "29": 1.4475224018096924,
            "30": 1.43704092502594,
            "31": 1.4421907663345337,
            "32": 1.4131383895874023,
            "33": 1.4175432920455933,
            "34": 1.4029452800750732,
            "35": 1.3862406015396118,
            "36": 1.3905287981033325,
            "37": 1.381088376045227,
            "38": 1.368205189704895,
            "39": 1.373946189880371,
            "40": 1.352220058441162,
            "41": 1.3497077226638794,
            "42": 1.3368256092071533,
            "43": 1.3267074823379517,
            "44": 1.3282701969146729,
            "45": 1.3210097551345825,
            "46": 1.3148670196533203,
            "47": 1.297446846961975,
            "48": 1.298545241355896,
            "49": 1.300540804862976,
            "50": 1.2862818241119385,
            "51": 1.2819825410842896,
            "52": 1.2677648067474365,
            "53": 1.2711544036865234,
            "54": 1.2709580659866333,
            "55": 1.2570947408676147,
            "56": 1.252920150756836,
            "57": 1.2481907606124878,
            "58": 1.2382479906082153,
            "59": 1.2360187768936157,
            "60": 1.233093023300171,
            "61": 1.228578805923462,
            "62": 1.2271767854690552,
            "63": 1.2218024730682373,
            "64": 1.211331844329834,
            "65": 1.2147296667099,
            "66": 1.2239941358566284,
            "67": 1.1993993520736694,
            "68": 1.1903043985366821,
            "69": 1.1958686113357544,
            "70": 1.1816508769989014,
            "71": 1.1790730953216553,
            "72": 1.1703507900238037,
            "73": 1.1789255142211914,
            "74": 1.1647953987121582,
            "75": 1.1646302938461304,
            "76": 1.1571223735809326,
            "77": 1.1604760885238647,
            "78": 1.1555070877075195,
            "79": 1.1443759202957153,
            "80": 1.1463470458984375,
            "81": 1.1404672861099243,
            "82": 1.1380141973495483,
            "83": 1.1336827278137207,
            "84": 1.1235384941101074,
            "85": 1.1246464252471924,
            "86": 1.124654769897461,
            "87": 1.124292016029358,
            "88": 1.1107157468795776,
            "89": 1.1068919897079468,
            "90": 1.1034501791000366,
            "91": 1.1018191576004028,
            "92": 1.103479266166687,
            "93": 1.091626524925232,
            "94": 1.0897141695022583,
            "95": 1.0857758522033691,
            "96": 1.080289602279663,
            "97": 1.08549165725708,
            "98": 1.0791418552398682,
            "99": 1.0703517198562622
        },
        "accuracy": {
            "0": 0.23584380745887756,
            "1": 0.32306018471717834,
            "2": 0.34744733572006226,
            "3": 0.36674433946609497,
            "4": 0.3739617168903351,
            "5": 0.3862692415714264,
            "6": 0.3941197395324707,
            "7": 0.4000709056854248,
            "8": 0.4091116189956665,
            "9": 0.41121354699134827,
            "10": 0.41903868317604065,
            "11": 0.42516714334487915,
            "12": 0.428332656621933,
            "13": 0.43501824140548706,
            "14": 0.43633508682250977,
            "15": 0.4380824565887451,
            "16": 0.4431472718715668,
            "17": 0.44879457354545593,
            "18": 0.45109906792640686,
            "19": 0.45406198501586914,
            "20": 0.46287479996681213,
            "21": 0.4653059244155884,
            "22": 0.4680662453174591,
            "23": 0.47153565287590027,
            "24": 0.47072529792785645,
            "25": 0.4808802604675293,
            "26": 0.47903159260749817,
            "27": 0.484197735786438,
            "28": 0.48743921518325806,
            "29": 0.4880976378917694,
            "30": 0.49116188287734985,
            "31": 0.4928585886955261,
            "32": 0.49711304903030396,
            "33": 0.49797406792640686,
            "34": 0.5049381852149963,
            "35": 0.5064576864242554,
            "36": 0.506077766418457,
            "37": 0.510079026222229,
            "38": 0.5135484337806702,
            "39": 0.5117757320404053,
            "40": 0.518284022808075,
            "41": 0.5196768641471863,
            "42": 0.5250455737113953,
            "43": 0.5319084525108337,
            "44": 0.5279325246810913,
            "45": 0.5318324565887451,
            "46": 0.5319084525108337,
            "47": 0.5376570224761963,
            "48": 0.5381128191947937,
            "49": 0.5357070565223694,
            "50": 0.5417088866233826,
            "51": 0.5453555583953857,
            "52": 0.5500911474227905,
            "53": 0.5477107167243958,
            "54": 0.547229528427124,
            "55": 0.5513827204704285,
            "56": 0.5539151430130005,
            "57": 0.5565235018730164,
            "58": 0.5593597888946533,
            "59": 0.5604740977287292,
            "60": 0.5627532601356506,
            "61": 0.5639687776565552,
            "62": 0.5640701055526733,
            "63": 0.5637409090995789,
            "64": 0.5682992339134216,
            "65": 0.5674635171890259,
            "66": 0.5686790943145752,
            "67": 0.5710848569869995,
            "68": 0.577947735786438,
            "69": 0.575947105884552,
            "70": 0.5793911814689636,
            "71": 0.5818476676940918,
            "72": 0.5846104025840759,
            "73": 0.5837976336479187,
            "74": 0.5847852230072021,
            "75": 0.5843294262886047,
            "76": 0.5883306264877319,
            "77": 0.5886345505714417,
            "78": 0.588862419128418,
            "79": 0.5932435393333435,
            "80": 0.5920786261558533,
            "81": 0.5940791964530945,
            "82": 0.5971940755844116,
            "83": 0.5986881852149963,
            "84": 0.6010940074920654,
            "85": 0.6006634831428528,
            "86": 0.6009674072265625,
            "87": 0.6015751361846924,
            "88": 0.6039302945137024,
            "89": 0.6097041964530945,
            "90": 0.6084886789321899,
            "91": 0.6083114147186279,
            "92": 0.6104892492294312,