{
    "parameters": {
        "name_model": "LSTM_singleSweep",
        "compile_parameters": "{'metrics': ['accuracy'], 'optimizer': <keras.optimizer_v2.gradient_descent.SGD object at 0x7f4b3a4f8430>}",
        "l2_reg": 0,
        "batch_size": 512,
        "epochs": 100,
        "initial_epoch": 0,
        "initial_lr": 0.01,
        "num_classes": 10,
        "dropout": 0,
        "batch_norm": false,
        "data_aug": false
    },
    "augmentation_parameters": {
        "used": "False",
        "rotation_range": "45",
        "horizontal_flip": "True",
        "zoom_range": "0.3"
    },
    "train_result": {
        "loss": {
            "0": 2.2750747203826904,
            "1": 2.2023024559020996,
            "2": 2.1033284664154053,
            "3": 2.0200068950653076,
            "4": 1.9785182476043701,
            "5": 1.955163836479187,
            "6": 1.9338654279708862,
            "7": 1.912380576133728,
            "8": 1.896429181098938,
            "9": 1.8788543939590454,
            "10": 1.8676472902297974,
            "11": 1.8530374765396118,
            "12": 1.837763786315918,
            "13": 1.8329334259033203,
            "14": 1.8202345371246338,
            "15": 1.8090661764144897,
            "16": 1.8011860847473145,
            "17": 1.7916169166564941,
            "18": 1.7845522165298462,
            "19": 1.7771028280258179,
            "20": 1.7720484733581543,
            "21": 1.7593744993209839,
            "22": 1.7519456148147583,
            "23": 1.7532223463058472,
            "24": 1.7428231239318848,
            "25": 1.736465573310852,
            "26": 1.7335810661315918,
            "27": 1.7279871702194214,
            "28": 1.7220386266708374,
            "29": 1.717151403427124,
            "30": 1.7111232280731201,
            "31": 1.7064343690872192,
            "32": 1.7041146755218506,
            "33": 1.6996614933013916,
            "34": 1.6946148872375488,
            "35": 1.6888811588287354,
            "36": 1.6865923404693604,
            "37": 1.6819456815719604,
            "38": 1.6777470111846924,
            "39": 1.6734238862991333,
            "40": 1.672755241394043,
            "41": 1.668397068977356,
            "42": 1.6640889644622803,
            "43": 1.66042160987854,
            "44": 1.657214641571045,
            "45": 1.6530369520187378,
            "46": 1.6492924690246582,
            "47": 1.6455732583999634,
            "48": 1.6421362161636353,
            "49": 1.6403158903121948,
            "50": 1.6378223896026611,
            "51": 1.631881594657898,
            "52": 1.6308432817459106,
            "53": 1.6275337934494019,
            "54": 1.6263973712921143,
            "55": 1.623807430267334,
            "56": 1.618003487586975,
            "57": 1.6155864000320435,
            "58": 1.6128270626068115,
            "59": 1.6086324453353882,
            "60": 1.606349229812622,
            "61": 1.6033298969268799,
            "62": 1.6014463901519775,
            "63": 1.5999220609664917,
            "64": 1.5930641889572144,
            "65": 1.5939280986785889,
            "66": 1.595537781715393,
            "67": 1.5869816541671753,
            "68": 1.5834709405899048,
            "69": 1.583951473236084,
            "70": 1.580618977546692,
            "71": 1.579048991203308,
            "72": 1.5743680000305176,
            "73": 1.5724952220916748,
            "74": 1.5702296495437622,
            "75": 1.5666477680206299,
            "76": 1.5625158548355103,
            "77": 1.5601978302001953,
            "78": 1.5588067770004272,
            "79": 1.5572295188903809,
            "80": 1.5534617900848389,
            "81": 1.5522754192352295,
            "82": 1.5487565994262695,
            "83": 1.5477896928787231,
            "84": 1.5451608896255493,
            "85": 1.5428998470306396,
            "86": 1.5391000509262085,
            "87": 1.5353493690490723,
            "88": 1.5348962545394897,
            "89": 1.5330790281295776,
            "90": 1.5287065505981445,
            "91": 1.5275927782058716,
            "92": 1.5249463319778442,
            "93": 1.5248137712478638,
            "94": 1.521095871925354,
            "95": 1.5200096368789673,
            "96": 1.5156817436218262,
            "97": 1.5154471397399902,
            "98": 1.51022469997406,
            "99": 1.5074083805084229
        },
        "accuracy": {
            "0": 0.12821616232395172,
            "1": 0.22437195479869843,
            "2": 0.27246251702308655,
            "3": 0.29031604528427124,
            "4": 0.30080023407936096,
            "5": 0.3126012980937958,
            "6": 0.31986933946609497,
            "7": 0.32878342270851135,
            "8": 0.3357475697994232,
            "9": 0.34268638491630554,
            "10": 0.34367403388023376,
            "11": 0.34876418113708496,
            "12": 0.3557789623737335,
            "13": 0.35676661133766174,
            "14": 0.360463947057724,
            "15": 0.3618820905685425,
            "16": 0.36438918113708496,
            "17": 0.3701377511024475,
            "18": 0.3724422752857208,
            "19": 0.3736324906349182,
            "20": 0.3765954077243805,
            "21": 0.38115376234054565,
            "22": 0.38578808307647705,
            "23": 0.3842686414718628,
            "24": 0.38875100016593933,
            "25": 0.39128342270851135,
            "26": 0.3933853209018707,
            "27": 0.3942716717720032,
            "28": 0.3968040943145752,
            "29": 0.39872872829437256,
            "30": 0.40262866020202637,
            "31": 0.40255266427993774,
            "32": 0.40437600016593933,
            "33": 0.4044772982597351,
            "34": 0.4067058265209198,
            "35": 0.40982070565223694,
            "36": 0.4111882150173187,
            "37": 0.41182130575180054,
            "38": 0.41404983401298523,
            "39": 0.41536667943000793,
            "40": 0.4154679775238037,
            "41": 0.4161517322063446,
            "42": 0.4176458716392517,
            "43": 0.41984906792640686,
            "44": 0.42053282260894775,
            "45": 0.4239262640476227,
            "46": 0.42258408665657043,
            "47": 0.423318475484848,
            "48": 0.4260534942150116,
            "49": 0.42521777749061584,
            "50": 0.42769956588745117,
            "51": 0.4266359508037567,
            "52": 0.42980146408081055,
            "53": 0.43025729060173035,
            "54": 0.42997872829437256,
            "55": 0.4313209056854248,
            "56": 0.4339039623737335,
            "57": 0.4336000680923462,
            "58": 0.4346383810043335,
            "59": 0.43643638491630554,
            "60": 0.4359552264213562,
            "61": 0.4377279281616211,
            "62": 0.4375,
            "63": 0.4372720718383789,
            "64": 0.4419823884963989,
            "65": 0.44051358103752136,
            "66": 0.43934866786003113,
            "67": 0.4416784942150116,
            "68": 0.44416025280952454,
            "69": 0.4424382150173187,
            "70": 0.444134920835495,
            "71": 0.4470725357532501,
            "72": 0.44578099250793457,
            "73": 0.44724979996681213,
            "74": 0.4487692415714264,
            "75": 0.4491237699985504,
            "76": 0.4501367509365082,
            "77": 0.4519347548484802,
            "78": 0.4510737359523773,
            "79": 0.4511750340461731,
            "80": 0.4521626830101013,
            "81": 0.45373278856277466,
            "82": 0.45492300391197205,
            "83": 0.4548470377922058,
            "84": 0.45894956588745117,
            "85": 0.4578859508037567,
            "86": 0.45910149812698364,
            "87": 0.4587976038455963,
            "88": 0.4614313244819641,
            "89": 0.4604436755180359,
            "90": 0.4615832567214966,
            "91": 0.4636091887950897,
            "92": 0.4635332226753235,