{
    "parameters": {
        "name_model": "LSTM_doubleSweep",
        "compile_parameters": "{'metrics': ['accuracy'], 'optimizer': <keras.optimizer_v2.gradient_descent.SGD object at 0x7fe1b606beb0>}",
        "l2_reg": 0,
        "batch_size": 512,
        "epochs": 100,
        "initial_epoch": 0,
        "initial_lr": 0.05,
        "num_classes": 10,
        "dropout": 0,
        "batch_norm": false,
        "data_aug": false
    },
    "augmentation_parameters": {
        "used": "False",
        "rotation_range": "45",
        "horizontal_flip": "True",
        "zoom_range": "0.3"
    },
    "train_result": {
        "loss": {
            "0": 2.2903048992156982,
            "1": 2.1985843181610107,
            "2": 2.1181092262268066,
            "3": 2.062788486480713,
            "4": 2.0104589462280273,
            "5": 1.9847135543823242,
            "6": 1.9481885433197021,
            "7": 1.916068196296692,
            "8": 1.8801968097686768,
            "9": 1.8630388975143433,
            "10": 1.8445783853530884,
            "11": 1.8178393840789795,
            "12": 1.801432728767395,
            "13": 1.7787752151489258,
            "14": 1.764617919921875,
            "15": 1.7510449886322021,
            "16": 1.7334734201431274,
            "17": 1.721105933189392,
            "18": 1.7051149606704712,
            "19": 1.688433289527893,
            "20": 1.6777887344360352,
            "21": 1.66608726978302,
            "22": 1.6392490863800049,
            "23": 1.6278489828109741,
            "24": 1.6181565523147583,
            "25": 1.5971211194992065,
            "26": 1.5829684734344482,
            "27": 1.564823865890503,
            "28": 1.5570298433303833,
            "29": 1.5394649505615234,
            "30": 1.5260822772979736,
            "31": 1.5027306079864502,
            "32": 1.5002837181091309,
            "33": 1.4919925928115845,
            "34": 1.4718198776245117,
            "35": 1.4650813341140747,
            "36": 1.4544018507003784,
            "37": 1.4388457536697388,
            "38": 1.4330061674118042,
            "39": 1.4208811521530151,
            "40": 1.4148629903793335,
            "41": 1.4076038599014282,
            "42": 1.3963590860366821,
            "43": 1.3888025283813477,
            "44": 1.379654049873352,
            "45": 1.3675545454025269,
            "46": 1.3669110536575317,
            "47": 1.356188178062439,
            "48": 1.3610838651657104,
            "49": 1.3453571796417236,
            "50": 1.3386377096176147,
            "51": 1.3310805559158325,
            "52": 1.325320839881897,
            "53": 1.3183568716049194,
            "54": 1.3113045692443848,
            "55": 1.3064841032028198,
            "56": 1.299850344657898,
            "57": 1.287703275680542,
            "58": 1.2915148735046387,
            "59": 1.274838924407959,
            "60": 1.2815414667129517,
            "61": 1.2697632312774658,
            "62": 1.2617342472076416,
            "63": 1.2602285146713257,
            "64": 1.2578426599502563,
            "65": 1.2464463710784912,
            "66": 1.2404683828353882,
            "67": 1.2330278158187866,
            "68": 1.2283878326416016,
            "69": 1.2265217304229736,
            "70": 1.2186131477355957,
            "71": 1.2191706895828247,
            "72": 1.2116570472717285,
            "73": 1.2041113376617432,
            "74": 1.1960886716842651,
            "75": 1.1912676095962524,
            "76": 1.1909782886505127,
            "77": 1.1816903352737427,
            "78": 1.177428960800171,
            "79": 1.170706868171692,
            "80": 1.169390320777893,
            "81": 1.1579166650772095,
            "82": 1.1601213216781616,
            "83": 1.1501656770706177,
            "84": 1.1441130638122559,
            "85": 1.1400116682052612,
            "86": 1.140256643295288,
            "87": 1.1301419734954834,
            "88": 1.126073956489563,
            "89": 1.1174746751785278,
            "90": 1.1186602115631104,
            "91": 1.1097896099090576,
            "92": 1.1110750436782837,
            "93": 1.0974910259246826,
            "94": 1.0962684154510498,
            "95": 1.0891019105911255,
            "96": 1.0901076793670654,
            "97": 1.086505651473999,
            "98": 1.0748974084854126,
            "99": 1.0737509727478027
        },
        "accuracy": {
            "0": 0.10593091696500778,
            "1": 0.18691754341125488,
            "2": 0.22644853591918945,
            "3": 0.2482273131608963,
            "4": 0.26747366786003113,
            "5": 0.2795279622077942,
            "6": 0.2957354187965393,
            "7": 0.3103981018066406,
            "8": 0.32673215866088867,
            "9": 0.33346840739250183,
            "10": 0.3427370488643646,
            "11": 0.3548673093318939,
            "12": 0.3613756000995636,
            "13": 0.3709228038787842,
            "14": 0.3731006979942322,
            "15": 0.37902653217315674,
            "16": 0.38533225655555725,
            "17": 0.38745948672294617,
            "18": 0.39277756214141846,
            "19": 0.39991897344589233,
            "20": 0.40399613976478577,
            "21": 0.40799736976623535,
            "22": 0.41616585850715637,
            "23": 0.4195462763309479,
            "24": 0.42374899983406067,
            "25": 0.42916834354400635,
            "26": 0.4344611167907715,
            "27": 0.4393993020057678,
            "28": 0.4431219696998596,
            "29": 0.450592577457428,
            "30": 0.45428991317749023,
            "31": 0.46208974719047546,
            "32": 0.46477410197257996,
            "33": 0.46414101123809814,
            "34": 0.4710291624069214,
            "35": 0.47340965270996094,
            "36": 0.4785251319408417,
            "37": 0.48526135087013245,
            "38": 0.4860210716724396,
            "39": 0.4918709397315979,
            "40": 0.49265599250793457,
            "41": 0.49653059244155884,
            "42": 0.5013928413391113,
            "43": 0.5011902451515198,
            "44": 0.5080277323722839,
            "45": 0.5111172795295715,
            "46": 0.5114971399307251,
            "47": 0.5141562223434448,
            "48": 0.5142574906349182,
            "49": 0.5191704034805298,
            "50": 0.5201833248138428,
            "51": 0.5242858529090881,
            "52": 0.5255909562110901,
            "53": 0.5253747701644897,
            "54": 0.5299078226089478,
            "55": 0.5324149131774902,
            "56": 0.5354791283607483,
            "57": 0.5397842526435852,
            "58": 0.5396069884300232,
            "59": 0.5452289581298828,
            "60": 0.5415822267532349,
            "61": 0.546875,
            "62": 0.5498632788658142,
            "63": 0.5478626489639282,
            "64": 0.5507495999336243,
            "65": 0.555130660533905,
            "66": 0.5587267279624939,
            "67": 0.5584228038787842,
            "68": 0.5615883469581604,
            "69": 0.5620188117027283,
            "70": 0.565336287021637,
            "71": 0.5654122829437256,
            "72": 0.568400502204895,
            "73": 0.5708063244819641,
            "74": 0.5728322267532349,
            "75": 0.5753646492958069,
            "76": 0.5752633810043335,
            "77": 0.5810546875,
            "78": 0.580657422542572,
            "79": 0.5818729996681213,
            "80": 0.5848612189292908,
            "81": 0.5883559584617615,
            "82": 0.5868618488311768,
            "83": 0.5925344228744507,
            "84": 0.5959532260894775,
            "85": 0.59610515832901,
            "86": 0.596409022808075,
            "87": 0.598992109298706,
            "88": 0.6000303626060486,
            "89": 0.6017524600028992,
            "90": 0.6029933094978333,
            "91": 0.6053991317749023,
            "92": 0.6062347888946533,