{
    "parameters": {
        "name_model": "LSTM_doubleSweep_dropout",
        "compile_parameters": "{'metrics': ['accuracy'], 'optimizer': <keras.optimizer_v2.gradient_descent.SGD object at 0x7f45c409e4c0>}",
        "l2_reg": 0,
        "batch_size": 512,
        "epochs": 100,
        "initial_epoch": 0,
        "initial_lr": 0.1,
        "num_classes": 10,
        "dropout": 0.1,
        "batch_norm": false,
        "data_aug": false
    },
    "augmentation_parameters": {
        "used": "False",
        "rotation_range": "45",
        "horizontal_flip": "True",
        "zoom_range": "0.3"
    },
    "train_result": {
        "loss": {
            "0": 2.266777753829956,
            "1": 2.1404592990875244,
            "2": 2.039639711380005,
            "3": 1.98822820186615,
            "4": 1.9262136220932007,
            "5": 1.8869584798812866,
            "6": 1.8426434993743896,
            "7": 1.8137102127075195,
            "8": 1.7855257987976074,
            "9": 1.7660133838653564,
            "10": 1.7407481670379639,
            "11": 1.7058782577514648,
            "12": 1.6809630393981934,
            "13": 1.6516677141189575,
            "14": 1.6288118362426758,
            "15": 1.6050596237182617,
            "16": 1.5842766761779785,
            "17": 1.5605692863464355,
            "18": 1.538030982017517,
            "19": 1.5197755098342896,
            "20": 1.4999068975448608,
            "21": 1.4835478067398071,
            "22": 1.4656652212142944,
            "23": 1.4542616605758667,
            "24": 1.436680793762207,
            "25": 1.4289134740829468,
            "26": 1.4106332063674927,
            "27": 1.4050503969192505,
            "28": 1.390691876411438,
            "29": 1.3851605653762817,
            "30": 1.3676170110702515,
            "31": 1.3658223152160645,
            "32": 1.3512908220291138,
            "33": 1.3426240682601929,
            "34": 1.3323930501937866,
            "35": 1.3282960653305054,
            "36": 1.3161437511444092,
            "37": 1.3052653074264526,
            "38": 1.2994760274887085,
            "39": 1.2951511144638062,
            "40": 1.2825093269348145,
            "41": 1.2783520221710205,
            "42": 1.2694275379180908,
            "43": 1.2618623971939087,
            "44": 1.257995843887329,
            "45": 1.2479372024536133,
            "46": 1.245630145072937,
            "47": 1.235323429107666,
            "48": 1.2267496585845947,
            "49": 1.2296446561813354,
            "50": 1.2166616916656494,
            "51": 1.2118585109710693,
            "52": 1.2061142921447754,
            "53": 1.19968843460083,
            "54": 1.1965845823287964,
            "55": 1.186962604522705,
            "56": 1.1790910959243774,
            "57": 1.1759670972824097,
            "58": 1.1694403886795044,
            "59": 1.1600617170333862,
            "60": 1.1553876399993896,
            "61": 1.152522325515747,
            "62": 1.1428639888763428,
            "63": 1.140539526939392,
            "64": 1.1299877166748047,
            "65": 1.128065586090088,
            "66": 1.1288434267044067,
            "67": 1.114642858505249,
            "68": 1.1089707612991333,
            "69": 1.1069605350494385,
            "70": 1.0987894535064697,
            "71": 1.088167667388916,
            "72": 1.0858925580978394,
            "73": 1.0807846784591675,
            "74": 1.0732505321502686,
            "75": 1.0710694789886475,
            "76": 1.0653589963912964,
            "77": 1.0619409084320068,
            "78": 1.0543122291564941,
            "79": 1.0443073511123657,
            "80": 1.045148253440857,
            "81": 1.0387705564498901,
            "82": 1.0294157266616821,
            "83": 1.0300511121749878,
            "84": 1.0212856531143188,
            "85": 1.0187976360321045,
            "86": 1.014571189880371,
            "87": 1.0090923309326172,
            "88": 1.0040600299835205,
            "89": 1.0025265216827393,
            "90": 0.9910828471183777,
            "91": 0.9912493228912354,
            "92": 0.981078028678894,
            "93": 0.981735348701477,
            "94": 0.9739716053009033,
            "95": 0.9694188237190247,
            "96": 0.9675698280334473,
            "97": 0.9624099731445312,
            "98": 0.9515019655227661,
            "99": 0.9580777287483215
        },
        "accuracy": {
            "0": 0.14209380745887756,
            "1": 0.21647082269191742,
            "2": 0.25615376234054565,
            "3": 0.2781604528427124,
            "4": 0.30901941657066345,
            "5": 0.3267068564891815,
            "6": 0.34337013959884644,
            "7": 0.3564373850822449,
            "8": 0.36563006043434143,
            "9": 0.3738604187965393,
            "10": 0.3820907473564148,
            "11": 0.3944742679595947,
            "12": 0.4032870829105377,
            "13": 0.41296088695526123,
            "14": 0.4211912453174591,
            "15": 0.42975080013275146,
            "16": 0.43362540006637573,
            "17": 0.44365376234054565,
            "18": 0.4503646790981293,
            "19": 0.4578606188297272,
            "20": 0.4630773961544037,
            "21": 0.4680156111717224,
            "22": 0.4747011661529541,
            "23": 0.4797406792640686,
            "24": 0.4849574565887451,
            "25": 0.48835089802742004,
            "26": 0.49675852060317993,
            "27": 0.49447932839393616,
            "28": 0.5016460418701172,
            "29": 0.5045077204704285,
            "30": 0.5137510299682617,
            "31": 0.5109906792640686,
            "32": 0.5159288644790649,
            "33": 0.5184866189956665,
            "34": 0.5234248638153076,
            "35": 0.5270715355873108,
            "36": 0.5304649472236633,
            "37": 0.5326681733131409,
            "38": 0.536137580871582,
            "39": 0.5363907814025879,
            "40": 0.5431270003318787,
            "41": 0.5441146492958069,
            "42": 0.5449250340461731,
            "43": 0.5493314266204834,
            "44": 0.5498632788658142,
            "45": 0.5552573204040527,
            "46": 0.5560423135757446,
            "47": 0.5577137470245361,
            "48": 0.5632597208023071,
            "49": 0.5605500340461731,
            "50": 0.5660706758499146,
            "51": 0.5667291283607483,
            "52": 0.5688056945800781,
            "53": 0.5716673135757446,
            "54": 0.5737692713737488,
            "55": 0.5754406452178955,
            "56": 0.5776944756507874,
            "57": 0.580784022808075,
            "58": 0.5828859210014343,
            "59": 0.585494339466095,
            "60": 0.5917240977287292,
            "61": 0.5854436755180359,
            "62": 0.5938766002655029,
            "63": 0.5933701395988464,
            "64": 0.596586287021637,
            "65": 0.5987388491630554,
            "66": 0.5957252979278564,
            "67": 0.6056270003318787,
            "68": 0.6033731698989868,
            "69": 0.6049686074256897,
            "70": 0.609729528427124,
            "71": 0.6111477017402649,
            "72": 0.6131229996681213,
            "73": 0.6158326864242554,
            "74": 0.6186183094978333,
            "75": 0.6194033622741699,
            "76": 0.6190741658210754,
            "77": 0.6218597888946533,
            "78": 0.6241642832756042,
            "79": 0.627177894115448,
            "80": 0.6273804903030396,
            "81": 0.6299888491630554,
            "82": 0.6337874531745911,
            "83": 0.634724497795105,
            "84": 0.6368263959884644,
            "85": 0.6364465355873108,
            "86": 0.6397892832756042,
            "87": 0.6426509022712708,
            "88": 0.6444236040115356,
            "89": 0.6443982720375061,
            "90": 0.645993709564209,
            "91": 0.6461963057518005,
            "92": 0.651007890701294,