{
    "parameters": {
        "name_model": "LSTM_singleSweep_dropout",
        "compile_parameters": "{'metrics': ['accuracy'], 'optimizer': <keras.optimizer_v2.gradient_descent.SGD object at 0x7fd7ec256cd0>}",
        "l2_reg": 0,
        "batch_size": 512,
        "epochs": 100,
        "initial_epoch": 0,
        "initial_lr": 0.1,
        "num_classes": 10,
        "dropout": 0.25,
        "batch_norm": false,
        "data_aug": false
    },
    "augmentation_parameters": {
        "used": "False",
        "rotation_range": "45",
        "horizontal_flip": "True",
        "zoom_range": "0.3"
    },
    "train_result": {
        "loss": {
            "0": 2.1202828884124756,
            "1": 1.9291731119155884,
            "2": 1.8686392307281494,
            "3": 1.825115442276001,
            "4": 1.7937695980072021,
            "5": 1.7762075662612915,
            "6": 1.7437546253204346,
            "7": 1.7342294454574585,
            "8": 1.6991863250732422,
            "9": 1.6869678497314453,
            "10": 1.6821924448013306,
            "11": 1.6621123552322388,
            "12": 1.653960108757019,
            "13": 1.6387113332748413,
            "14": 1.630684494972229,
            "15": 1.6206459999084473,
            "16": 1.613054633140564,
            "17": 1.5969946384429932,
            "18": 1.586461067199707,
            "19": 1.5741266012191772,
            "20": 1.5591589212417603,
            "21": 1.5468106269836426,
            "22": 1.5393023490905762,
            "23": 1.5290343761444092,
            "24": 1.5201098918914795,
            "25": 1.5119798183441162,
            "26": 1.5076535940170288,
            "27": 1.498685359954834,
            "28": 1.4908103942871094,
            "29": 1.486452341079712,
            "30": 1.48092520236969,
            "31": 1.4747660160064697,
            "32": 1.4597176313400269,
            "33": 1.4528107643127441,
            "34": 1.4491631984710693,
            "35": 1.4418936967849731,
            "36": 1.4398823976516724,
            "37": 1.4291703701019287,
            "38": 1.4263719320297241,
            "39": 1.4276251792907715,
            "40": 1.4133152961730957,
            "41": 1.4153779745101929,
            "42": 1.4102728366851807,
            "43": 1.3949034214019775,
            "44": 1.3931055068969727,
            "45": 1.3826311826705933,
            "46": 1.3835625648498535,
            "47": 1.373152732849121,
            "48": 1.3728030920028687,
            "49": 1.362179160118103,
            "50": 1.3662775754928589,
            "51": 1.3590136766433716,
            "52": 1.357550859451294,
            "53": 1.3491848707199097,
            "54": 1.3451564311981201,
            "55": 1.3425947427749634,
            "56": 1.333193063735962,
            "57": 1.3472999334335327,
            "58": 1.3253307342529297,
            "59": 1.3211294412612915,
            "60": 1.3200098276138306,
            "61": 1.3171052932739258,
            "62": 1.3143534660339355,
            "63": 1.3157083988189697,
            "64": 1.2987418174743652,
            "65": 1.2937853336334229,
            "66": 1.3044837713241577,
            "67": 1.294324517250061,
            "68": 1.2897357940673828,
            "69": 1.2828704118728638,
            "70": 1.2827789783477783,
            "71": 1.2812763452529907,
            "72": 1.2785427570343018,
            "73": 1.2704274654388428,
            "74": 1.2646498680114746,
            "75": 1.2685385942459106,
            "76": 1.2515820264816284,
            "77": 1.2583657503128052,
            "78": 1.258222222328186,
            "79": 1.2481690645217896,
            "80": 1.244085431098938,
            "81": 1.2428627014160156,
            "82": 1.2460168600082397,
            "83": 1.2387551069259644,
            "84": 1.2319419384002686,
            "85": 1.227481722831726,
            "86": 1.2333813905715942,
            "87": 1.2230982780456543,
            "88": 1.2229382991790771,
            "89": 1.2188574075698853,
            "90": 1.2096688747406006,
            "91": 1.2100574970245361,
            "92": 1.210470199584961,
            "93": 1.2035013437271118,
            "94": 1.2099084854125977,
            "95": 1.201054573059082,
            "96": 1.1939200162887573,
            "97": 1.2085436582565308,
            "98": 1.1852346658706665,
            "99": 1.1946362257003784
        },
        "accuracy": {
            "0": 0.23407110571861267,
            "1": 0.3207303583621979,
            "2": 0.34486424922943115,
            "3": 0.35780489444732666,
            "4": 0.3688715696334839,
            "5": 0.3727208375930786,
            "6": 0.38520562648773193,
            "7": 0.38366085290908813,
            "8": 0.39837419986724854,
            "9": 0.4052876830101013,
            "10": 0.40500912070274353,
            "11": 0.4114667773246765,
            "12": 0.4126063585281372,
            "13": 0.42263472080230713,
            "14": 0.42108994722366333,
            "15": 0.42658528685569763,
            "16": 0.4284592866897583,
            "17": 0.4360058605670929,
            "18": 0.4389941394329071,
            "19": 0.44623681902885437,
            "20": 0.44932636618614197,
            "21": 0.45487236976623535,
            "22": 0.4561132490634918,
            "23": 0.45978525280952454,
            "24": 0.46378645300865173,
            "25": 0.4660149812698364,
            "26": 0.4666481018066406,
            "27": 0.4697123169898987,
            "28": 0.4744226038455963,
            "29": 0.47404274344444275,
            "30": 0.4756128489971161,
            "31": 0.47713229060173035,
            "32": 0.4828808605670929,
            "33": 0.4857931435108185,
            "34": 0.4874645471572876,
            "35": 0.48824959993362427,
            "36": 0.48875609040260315,
            "37": 0.491009920835495,
            "38": 0.4930865168571472,
            "39": 0.492098867893219,
            "40": 0.4985818564891815,
            "41": 0.4972396790981293,
            "42": 0.4995441734790802,
            "43": 0.5053180456161499,
            "44": 0.5063310265541077,
            "45": 0.5082303285598755,
            "46": 0.5080277323722839,
            "47": 0.5097751021385193,
            "48": 0.512915313243866,
            "49": 0.5165873169898987,
            "50": 0.5154730677604675,
            "51": 0.5126620531082153,
            "52": 0.5181320905685425,
            "53": 0.5188411474227905,
            "54": 0.5212216377258301,
            "55": 0.5209177732467651,
            "56": 0.5252228379249573,
            "57": 0.5196008682250977,
            "58": 0.5270208716392517,
            "59": 0.5270462036132812,
            "60": 0.5294519662857056,
            "61": 0.5306422114372253,
            "62": 0.5311993360519409,
            "63": 0.5334532260894775,
            "64": 0.5368213057518005,
            "65": 0.5382612347602844,
            "66": 0.5393030643463135,
            "67": 0.5408225059509277,
            "68": 0.5425952076911926,
            "69": 0.5447984337806702,
            "70": 0.5444185733795166,
            "71": 0.5460392832756042,
            "72": 0.5456340909004211,
            "73": 0.5471788644790649,
            "74": 0.5486223697662354,
            "75": 0.5506482720375061,
            "76": 0.5547001361846924,
            "77": 0.5530287623405457,
            "78": 0.551408052444458,
            "79": 0.55778968334198,
            "80": 0.557308554649353,
            "81": 0.5573845505714417,
            "82": 0.55778968334198,
            "83": 0.5612844228744507,
            "84": 0.5623987317085266,
            "85": 0.5639941096305847,
            "86": 0.5622214078903198,
            "87": 0.5642727017402649,
            "88": 0.5651083588600159,
            "89": 0.5659187436103821,
            "90": 0.5699959397315979,
            "91": 0.5687044262886047,
            "92": 0.5720978379249573,