{
    "parameters": {
        "name_model": "VGG16-drop",
        "compile_parameters": "{'metrics': ['accuracy'], 'optimizer': <keras.optimizer_v2.gradient_descent.SGD object at 0x7f3424434d60>}",
        "l2_reg": 0,
        "batch_size": 512,
        "epochs": 200,
        "initial_epoch": 0,
        "initial_lr": 0.05,
        "num_classes": 10,
        "dropout": 0.25,
        "batch_norm": false,
        "data_aug": false
    },
    "augmentation_parameters": {
        "used": "False",
        "rotation_range": "45",
        "horizontal_flip": "True",
        "zoom_range": "0.3"
    },
    "train_result": {
        "loss": {
            "0": 2.3025779724121094,
            "1": 2.302475690841675,
            "2": 2.3023717403411865,
            "3": 2.3022098541259766,
            "4": 2.3018956184387207,
            "5": 2.301337957382202,
            "6": 2.30009388923645,
            "7": 2.296884059906006,
            "8": 2.287231206893921,
            "9": 2.2556798458099365,
            "10": 2.3074824810028076,
            "11": 2.3030834197998047,
            "12": 2.3026158809661865,
            "13": 2.301917314529419,
            "14": 2.206296443939209,
            "15": 2.225984811782837,
            "16": 2.1271698474884033,
            "17": 2.0883586406707764,
            "18": 2.063265562057495,
            "19": 2.037989377975464,
            "20": 2.0076727867126465,
            "21": 1.9944502115249634,
            "22": 1.987433671951294,
            "23": 1.9615601301193237,
            "24": 1.9441664218902588,
            "25": 1.9242475032806396,
            "26": 1.8978391885757446,
            "27": 1.873539924621582,
            "28": 1.8506152629852295,
            "29": 1.8401464223861694,
            "30": 1.8112903833389282,
            "31": 1.8043938875198364,
            "32": 1.7806730270385742,
            "33": 1.7649438381195068,
            "34": 1.752079725265503,
            "35": 1.7365678548812866,
            "36": 1.7231338024139404,
            "37": 1.7132943868637085,
            "38": 1.6900826692581177,
            "39": 1.688879370689392,
            "40": 1.6539044380187988,
            "41": 1.6456468105316162,
            "42": 1.6209896802902222,
            "43": 1.6027783155441284,
            "44": 1.569985032081604,
            "45": 1.5548415184020996,
            "46": 1.525977611541748,
            "47": 1.5153026580810547,
            "48": 1.483859658241272,
            "49": 1.4629477262496948,
            "50": 1.4309357404708862,
            "51": 1.405861258506775,
            "52": 1.3726667165756226,
            "53": 1.3645355701446533,
            "54": 1.3288806676864624,
            "55": 1.302570104598999,
            "56": 1.2707798480987549,
            "57": 1.2812544107437134,
            "58": 1.199734091758728,
            "59": 1.1706819534301758,
            "60": 1.1456406116485596,
            "61": 1.1001263856887817,
            "62": 1.0761442184448242,
            "63": 1.026535987854004,
            "64": 0.9781287312507629,
            "65": 0.9318979978561401,
            "66": 0.8945852518081665,
            "67": 0.8486305475234985,
            "68": 0.7640172839164734,
            "69": 0.7416307926177979,
            "70": 0.6544044613838196,
            "71": 0.6749483942985535,
            "72": 0.4812886118888855,
            "73": 0.4754478335380554,
            "74": 0.42264243960380554,
            "75": 0.36633360385894775,
            "76": 0.26008448004722595,
            "77": 0.3562829792499542,
            "78": 0.18634578585624695,
            "79": 0.23541705310344696,
            "80": 0.1755882352590561,
            "81": 0.06289565563201904,
            "82": 0.17693576216697693,
            "83": 0.1769387125968933,
            "84": 0.058414261788129807,
            "85": 0.22995096445083618,
            "86": 0.08464594185352325,
            "87": 0.024477802217006683,
            "88": 0.020758287981152534,
            "89": 0.17546670138835907,
            "90": 0.017536086961627007,
            "91": 0.04322865232825279,
            "92": 0.18035008013248444,
            "93": 0.29039493203163147,
            "94": 0.3384131193161011,
            "95": 0.03143373876810074,
            "96": 0.06675396114587784,
            "97": 0.04624186083674431,
            "98": 0.10264229029417038,
            "99": 0.029371580109000206,
            "100": 0.00813380628824234,
            "101": 0.006632694974541664,
            "102": 0.010045673698186874,
            "103": 0.008092601783573627,
            "104": 0.01774648204445839,
            "105": 0.00910507794469595,
            "106": 0.011517454870045185,
            "107": 0.17057371139526367,
            "108": 0.007439070846885443,
            "109": 0.00545827392488718,
            "110": 0.09575536847114563,
            "111": 0.025065073743462563,
            "112": 0.007715371437370777,
            "113": 0.38083040714263916,
            "114": 0.01711735874414444,
            "115": 0.0051483530551195145,
            "116": 0.003097198437899351,
            "117": 0.0017574747325852513,
            "118": 0.001902181887999177,
            "119": 0.02745872549712658,
            "120": 0.003561760298907757,
            "121": 0.0029853919986635447,
            "122": 0.004931371193379164
        },
        "accuracy": {
            "0": 0.10038492828607559,
            "1": 0.1036517396569252,
            "2": 0.10441146790981293,
            "3": 0.11010940372943878,
            "4": 0.11836507171392441,
            "5": 0.12421495467424393,
            "6": 0.13920684158802032,
            "7": 0.155794158577919,
            "8": 0.16673420369625092,
            "9": 0.15977005660533905,
            "10": 0.10071413964033127,
            "11": 0.10043557733297348,
            "12": 0.09896677732467651,
            "13": 0.10745036602020264,
            "14": 0.18103966116905212,
            "15": 0.16663290560245514,
            "16": 0.21586304903030396,
            "17": 0.23559056222438812,
            "18": 0.24835392832756042,
            "19": 0.25369733572006226,
            "20": 0.2654983699321747,
            "21": 0.272082656621933,
            "22": 0.27436181902885437,
            "23": 0.2822629511356354,
            "24": 0.2885180413722992,
            "25": 0.29472243785858154,
            "26": 0.3019651472568512,
            "27": 0.3154629170894623,
            "28": 0.3244783282279968,
            "29": 0.32769447565078735,
            "30": 0.33931827545166016,
            "31": 0.342306524515152,
            "32": 0.35253748297691345,
            "33": 0.35722243785858154,
            "34": 0.3664657473564148,
            "35": 0.37588635087013245,
            "36": 0.37783631682395935,
            "37": 0.3819134831428528,
            "38": 0.38915619254112244,
            "39": 0.3922964036464691,
            "40": 0.4037429094314575,
            "41": 0.4093395471572876,
            "42": 0.41708874702453613,
            "43": 0.42602816224098206,
            "44": 0.43757596611976624,
            "45": 0.44393232464790344,
            "46": 0.45436587929725647,
            "47": 0.4605703055858612,
            "48": 0.46723055839538574,
            "49": 0.475384920835495,
            "50": 0.4900222718715668,
            "51": 0.4991896152496338,
            "52": 0.5088887810707092,
            "53": 0.513624370098114,
            "54": 0.5292747020721436,
            "55": 0.5403920412063599,
            "56": 0.5495593547821045,
            "57": 0.5503444075584412,
            "58": 0.5770107507705688,
            "59": 0.5850384831428528,
            "60": 0.5950668454170227,
            "61": 0.6125152111053467,
            "62": 0.6211000680923462,
            "63": 0.6411821246147156,
            "64": 0.6561740040779114,
            "65": 0.6749138832092285,
            "66": 0.6896018981933594,