{
    "parameters": {
        "name_model": "VGG16-reg",
        "compile_parameters": "{'metrics': ['accuracy'], 'optimizer': <keras.optimizer_v2.gradient_descent.SGD object at 0x7f3f707cce50>}",
        "l2_reg": 0.005,
        "batch_size": 512,
        "epochs": 200,
        "initial_epoch": 0,
        "initial_lr": 0.05,
        "num_classes": 10,
        "dropout": 0,
        "batch_norm": false,
        "data_aug": false
    },
    "augmentation_parameters": {
        "used": "False",
        "rotation_range": "45",
        "horizontal_flip": "True",
        "zoom_range": "0.3"
    },
    "train_result": {
        "loss": {
            "0": 32.00129318237305,
            "1": 29.776763916015625,
            "2": 27.698623657226562,
            "3": 25.802120208740234,
            "4": 24.02764892578125,
            "5": 22.41202163696289,
            "6": 20.90102767944336,
            "7": 19.49853515625,
            "8": 18.207279205322266,
            "9": 17.02042579650879,
            "10": 15.91195297241211,
            "11": 14.889492988586426,
            "12": 13.939638137817383,
            "13": 13.066815376281738,
            "14": 12.260936737060547,
            "15": 11.512100219726562,
            "16": 10.823188781738281,
            "17": 10.183764457702637,
            "18": 9.589849472045898,
            "19": 9.04634952545166,
            "20": 8.53789234161377,
            "21": 8.07089614868164,
            "22": 7.637196063995361,
            "23": 7.2365007400512695,
            "24": 6.868832588195801,
            "25": 6.524596691131592,
            "26": 6.208695888519287,
            "27": 5.9152655601501465,
            "28": 5.643806457519531,
            "29": 5.393874168395996,
            "30": 5.160788536071777,
            "31": 4.945796489715576,
            "32": 4.7466607093811035,
            "33": 4.56473445892334,
            "34": 4.395211696624756,
            "35": 4.23802375793457,
            "36": 4.092514991760254,
            "37": 3.9571499824523926,
            "38": 3.8336119651794434,
            "39": 3.7192461490631104,
            "40": 3.612224817276001,
            "41": 3.5141704082489014,
            "42": 3.422940254211426,
            "43": 3.339122772216797,
            "44": 3.2613251209259033,
            "45": 3.1893889904022217,
            "46": 3.1226587295532227,
            "47": 3.06134295463562,
            "48": 3.0044360160827637,
            "49": 2.9515228271484375,
            "50": 2.9027156829833984,
            "51": 2.857536554336548,
            "52": 2.815981864929199,
            "53": 2.777432918548584,
            "54": 2.7418787479400635,
            "55": 2.708829164505005,
            "56": 2.678384780883789,
            "57": 2.650102138519287,
            "58": 2.6241114139556885,
            "59": 2.6000499725341797,
            "60": 2.5777506828308105,
            "61": 2.5569822788238525,
            "62": 2.5379722118377686,
            "63": 2.52023983001709,
            "64": 2.5038673877716064,
            "65": 2.488757371902466,
            "66": 2.474764585494995,
            "67": 2.461805820465088,
            "68": 2.449862241744995,
            "69": 2.4387989044189453,
            "70": 2.4286394119262695,
            "71": 2.4191813468933105,
            "72": 2.410399913787842,
            "73": 2.4023404121398926,
            "74": 2.3948147296905518,
            "75": 2.3879101276397705,
            "76": 2.381481409072876,
            "77": 2.3755829334259033,
            "78": 2.370114326477051,
            "79": 2.365041732788086,
            "80": 2.3603546619415283,
            "81": 2.355989456176758,
            "82": 2.3520052433013916,
            "83": 2.3482680320739746,
            "84": 2.344853401184082,
            "85": 2.341674566268921,
            "86": 2.3387582302093506,
            "87": 2.336022138595581,
            "88": 2.333526134490967,
            "89": 2.3311948776245117,
            "90": 2.3290507793426514,
            "91": 2.3270552158355713,
            "92": 2.325223684310913,
            "93": 2.3235321044921875,
            "94": 2.3219661712646484,
            "95": 2.320502758026123,
            "96": 2.3191583156585693,
            "97": 2.317920446395874,
            "98": 2.3167672157287598,
            "99": 2.315709352493286,
            "100": 2.3147144317626953,
            "101": 2.3137989044189453,
            "102": 2.3129756450653076
        },
        "accuracy": {
            "0": 0.09848561882972717,
            "1": 0.09914404153823853,
            "2": 0.09899210184812546,
            "3": 0.09889080375432968,
            "4": 0.09625709056854248,
            "5": 0.09802978485822678,
            "6": 0.09934663772583008,
            "7": 0.10035960376262665,
            "8": 0.09949858486652374,
            "9": 0.10013168305158615,
            "10": 0.10005570948123932,
            "11": 0.09896677732467651,
            "12": 0.09962520003318787,
            "13": 0.10030895471572876,
            "14": 0.09853626787662506,
            "15": 0.09797913581132889,
            "16": 0.09848561882972717,
            "17": 0.09740585088729858,
            "18": 0.09843496978282928,
            "19": 0.09640903770923615,
            "20": 0.09752330183982849,
            "21": 0.09973457455635071,
            "22": 0.09840964525938034,
            "23": 0.09810575097799301,
            "24": 0.097295381128788,
            "25": 0.09914404153823853,
            "26": 0.0987895056605339,
            "27": 0.10018233209848404,
            "28": 0.09927066415548325,
            "29": 0.09681422263383865,
            "30": 0.09894145280122757,
            "31": 0.10018233209848404,
            "32": 0.09805510193109512,
            "33": 0.10111932456493378,
            "34": 0.09835899621248245,
            "35": 0.09802978485822678,
            "36": 0.09891612827777863,
            "37": 0.09840964525938034,
            "38": 0.09820704907178879,
            "39": 0.09810575097799301,
            "40": 0.09780186414718628,
            "41": 0.0999290943145752,
            "42": 0.0983843207359314,
            "43": 0.0981564000248909,
            "44": 0.09899210184812546,
            "45": 0.10008103400468826,
            "46": 0.09982779622077942,
            "47": 0.0990174263715744,
            "48": 0.09858690947294235,
            "49": 0.09856158494949341,
            "50": 0.09911871701478958,
            "51": 0.09630773961544037,
            "52": 0.09795381128787994,
            "53": 0.09853626787662506,
            "54": 0.09863755851984024,
            "55": 0.10023298114538193,
            "56": 0.09959987550973892,
            "57": 0.0990174263715744,
            "58": 0.09749797731637955,
            "59": 0.09833367168903351,
            "60": 0.09911871701478958,
            "61": 0.09833367168903351,
            "62": 0.09633306413888931,
            "63": 0.10081543773412704,
            "64": 0.09800446033477783,
            "65": 0.0977005660533905,
            "66": 0.09972649812698364,
            "67": 0.09851094335317612,
            "68": 0.09732070565223694,
            "69": 0.09681422263383865,
            "70": 0.09863755851984024,
            "71": 0.09916936606168747,
            "72": 0.09840964525938034,
            "73": 0.09714343398809433,
            "74": 0.10018233209848404,
            "75": 0.09605449438095093,
            "76": 0.09896677732467651,
            "77": 0.09734603017568588,
            "78": 0.09894145280122757,
            "79": 0.09825769811868668,
            "80": 0.09840964525938034,
            "81": 0.09835899621248245,
            "82": 0.1001570075750351,
            "83": 0.0983843207359314,
            "84": 0.10035960376262665,
            "85": 0.09828302264213562,
            "86": 0.09734603017568588,
            "87": 0.09965052455663681,
            "88": 0.10081543773412704,