{
    "parameters": {
        "name_model": "VGG16-reg",
        "compile_parameters": "{'metrics': ['accuracy'], 'optimizer': <keras.optimizer_v2.gradient_descent.SGD object at 0x7fd734686040>}",
        "l2_reg": 0.001,
        "batch_size": 512,
        "epochs": 200,
        "initial_epoch": 0,
        "initial_lr": 0.05,
        "num_classes": 10,
        "dropout": 0,
        "batch_norm": false,
        "data_aug": false
    },
    "augmentation_parameters": {
        "used": "False",
        "rotation_range": "45",
        "horizontal_flip": "True",
        "zoom_range": "0.3"
    },
    "train_result": {
        "loss": {
            "0": 7.172908306121826,
            "1": 7.097247123718262,
            "2": 7.023613929748535,
            "3": 6.950463771820068,
            "4": 6.878078460693359,
            "5": 6.807581424713135,
            "6": 6.737235069274902,
            "7": 6.669000625610352,
            "8": 6.60098934173584,
            "9": 6.534290313720703,
            "10": 6.467773914337158,
            "11": 6.402054786682129,
            "12": 6.33482551574707,
            "13": 6.261263370513916,
            "14": 6.16026496887207,
            "15": 6.044788837432861,
            "16": 5.926146984100342,
            "17": 5.837332725524902,
            "18": 5.754658222198486,
            "19": 5.682415008544922,
            "20": 5.604865550994873,
            "21": 5.530526638031006,
            "22": 5.469698429107666,
            "23": 5.404099464416504,
            "24": 5.3414411544799805,
            "25": 5.2831807136535645,
            "26": 5.220670223236084,
            "27": 5.16778039932251,
            "28": 5.109310150146484,
            "29": 5.052826881408691,
            "30": 5.004422664642334,
            "31": 4.945683002471924,
            "32": 4.881563663482666,
            "33": 4.822673797607422,
            "34": 4.771868705749512,
            "35": 4.716653347015381,
            "36": 4.6566057205200195,
            "37": 4.602292060852051,
            "38": 4.546045780181885,
            "39": 4.5041375160217285,
            "40": 4.444134712219238,
            "41": 4.394534111022949,
            "42": 4.3536810874938965,
            "43": 4.302974700927734,
            "44": 4.261045455932617,
            "45": 4.213779449462891,
            "46": 4.165993690490723,
            "47": 4.124326705932617,
            "48": 4.074758052825928,
            "49": 4.037296772003174,
            "50": 4.001942157745361,
            "51": 3.962357521057129,
            "52": 3.9170403480529785,
            "53": 3.8803367614746094,
            "54": 3.8385937213897705,
            "55": 3.8084397315979004,
            "56": 3.7685344219207764,
            "57": 3.723832130432129,
            "58": 3.702890396118164,
            "59": 3.6625795364379883,
            "60": 3.6244587898254395,
            "61": 3.5965559482574463,
            "62": 3.5653953552246094,
            "63": 3.5250155925750732,
            "64": 3.4868223667144775,
            "65": 3.4662060737609863,
            "66": 3.4195451736450195,
            "67": 3.4076290130615234,
            "68": 3.3669846057891846,
            "69": 3.336461067199707,
            "70": 3.3100244998931885,
            "71": 3.2832486629486084,
            "72": 3.2575249671936035,
            "73": 3.2339224815368652,
            "74": 3.187412977218628,
            "75": 3.174407720565796,
            "76": 3.1328158378601074,
            "77": 3.1149468421936035,
            "78": 3.0765881538391113,
            "79": 3.052056074142456,
            "80": 3.028020143508911,
            "81": 2.9966657161712646,
            "82": 2.979306936264038,
            "83": 2.941415309906006,
            "84": 2.928074598312378,
            "85": 2.8943967819213867,
            "86": 2.8810389041900635,
            "87": 2.8333985805511475,
            "88": 2.8230369091033936,
            "89": 2.777207136154175,
            "90": 2.7642195224761963,
            "91": 2.73496150970459,
            "92": 2.7218832969665527,
            "93": 2.6841721534729004,
            "94": 2.673917055130005,
            "95": 2.6287682056427,
            "96": 2.6079087257385254,
            "97": 2.5849051475524902,
            "98": 2.5572566986083984,
            "99": 2.54604434967041,
            "100": 2.5049843788146973,
            "101": 2.4616048336029053,
            "102": 2.4481589794158936,
            "103": 2.4268479347229004,
            "104": 2.40566086769104,
            "105": 2.35953950881958,
            "106": 2.3122076988220215,
            "107": 2.300791025161743,
            "108": 2.259535789489746,
            "109": 2.203761100769043,
            "110": 2.2038331031799316,
            "111": 2.169297456741333,
            "112": 2.085644006729126,
            "113": 2.077270984649658,
            "114": 1.992767333984375,
            "115": 1.9780166149139404,
            "116": 1.9069710969924927,
            "117": 1.8349591493606567,
            "118": 1.7970433235168457,
            "119": 1.692495346069336
        },
        "accuracy": {
            "0": 0.09965052455663681,
            "1": 0.10633610188961029,
            "2": 0.10572832077741623,
            "3": 0.10739971697330475,
            "4": 0.10724776983261108,
            "5": 0.10980550944805145,
            "6": 0.11489566415548325,
            "7": 0.1196819320321083,
            "8": 0.11221130192279816,
            "9": 0.12707658112049103,
            "10": 0.1473865509033203,
            "11": 0.15637661516666412,
            "12": 0.1672406792640686,
            "13": 0.17400223016738892,
            "14": 0.15536364912986755,
            "15": 0.18360008299350739,
            "16": 0.21507799625396729,
            "17": 0.2235615849494934,
            "18": 0.23548926413059235,
            "19": 0.24698641896247864,
            "20": 0.2561284303665161,
            "21": 0.2641308605670929,
            "22": 0.26955023407936096,
            "23": 0.2690184414386749,
            "24": 0.2738553583621979,
            "25": 0.2774260640144348,
            "26": 0.2847953736782074,
            "27": 0.28350386023521423,
            "28": 0.2857576906681061,
            "29": 0.2918861508369446,
            "30": 0.29203808307647705,
            "31": 0.29616591334342957,
            "32": 0.30267423391342163,
            "33": 0.30583974719047546,
            "34": 0.31103119254112244,
            "35": 0.31533631682395935,
            "36": 0.32230043411254883,
            "37": 0.3246809244155884,
            "38": 0.3298470377922058,
            "39": 0.33427876234054565,
            "40": 0.34190133213996887,
            "41": 0.3470168113708496,
            "42": 0.3485109508037567,
            "43": 0.3553231358528137,
            "44": 0.3559309244155884,
            "45": 0.36216065287590027,
            "46": 0.3633762300014496,
            "47": 0.3663138151168823,
            "48": 0.3721890151500702,
            "49": 0.3732272982597351,
            "50": 0.3756837546825409,
            "51": 0.37892523407936096,
            "52": 0.381812185049057,
            "53": 0.3845472037792206,
            "54": 0.38938412070274353,
            "55": 0.38826984167099,
            "56": 0.3894854187965393,
            "57": 0.3966521620750427,
            "58": 0.39541125297546387,
            "59": 0.3991592526435852,
            "60": 0.40181827545166016,
            "61": 0.4011091887950897,
            "62": 0.4021981358528137,
            "63": 0.4072123169898987,
            "64": 0.4111882150173187,
            "65": 0.4116440415382385,
            "66": 0.41762053966522217,
            "67": 0.4119226038455963,
            "68": 0.41681018471717834,
            "69": 0.41951984167099,
            "70": 0.4234704077243805,
            "71": 0.42207759618759155,
            "72": 0.4230145812034607,
            "73": 0.42630672454833984,