{
    "parameters": {
        "name_model": "VGG19-reg",
        "compile_parameters": "{'metrics': ['accuracy'], 'optimizer': <keras.optimizer_v2.gradient_descent.SGD object at 0x7f5dd4407580>}",
        "l2_reg": 0.0005,
        "batch_size": 512,
        "epochs": 200,
        "initial_epoch": 0,
        "initial_lr": 0.05,
        "num_classes": 10,
        "dropout": 0,
        "batch_norm": false,
        "data_aug": false
    },
    "augmentation_parameters": {
        "used": "False",
        "rotation_range": "45",
        "horizontal_flip": "True",
        "zoom_range": "0.3"
    },
    "train_result": {
        "loss": {
            "0": 5.3756632804870605,
            "1": 5.35188102722168,
            "2": 5.328279495239258,
            "3": 5.304654598236084,
            "4": 5.281328201293945,
            "5": 5.258244037628174,
            "6": 5.235147476196289,
            "7": 5.212282657623291,
            "8": 5.189754962921143,
            "9": 5.167434215545654,
            "10": 5.144946098327637,
            "11": 5.122927188873291,
            "12": 5.101068019866943,
            "13": 5.07927942276001,
            "14": 5.057703495025635,
            "15": 5.036318302154541,
            "16": 5.015096664428711,
            "17": 4.994081020355225,
            "18": 4.973002910614014,
            "19": 4.952289581298828,
            "20": 4.931727886199951,
            "21": 4.911248683929443,
            "22": 4.891049861907959,
            "23": 4.870988368988037,
            "24": 4.850978374481201,
            "25": 4.831209182739258
        },
        "accuracy": {
            "0": 0.09787783771753311,
            "1": 0.09972649812698364,
            "2": 0.1003342792391777,
            "3": 0.09651033580303192,
            "4": 0.09885817021131516,
            "5": 0.09957455098628998,
            "6": 0.09894145280122757,
            "7": 0.10043557733297348,
            "8": 0.10200567543506622,
            "9": 0.09853626787662506,
            "10": 0.10355044901371002,
            "11": 0.09927066415548325,
            "12": 0.10020765662193298,
            "13": 0.1025628075003624,
            "14": 0.09848561882972717,
            "15": 0.10066349059343338,
            "16": 0.0990680679678917,
            "17": 0.0990174263715744,
            "18": 0.1007901132106781,
            "19": 0.10167645663022995,
            "20": 0.10154984146356583,
            "21": 0.09813107550144196,
            "22": 0.09899210184812546,
            "23": 0.10144854336977005,
            "24": 0.09891612827777863,
            "25": 0.10154984146356583
        },
        "val_loss": {
            "0": 5.363664150238037,
            "1": 5.339885234832764,
            "2": 5.316296100616455,
            "3": 5.292857646942139,
            "4": 5.269556045532227,
            "5": 5.246548175811768,
            "6": 5.223611354827881,
            "7": 5.2009172439575195,
            "8": 5.178385257720947,
            "9": 5.156035900115967,
            "10": 5.1338090896606445,
            "11": 5.1118059158325195,
            "12": 5.090006351470947,
            "13": 5.068321704864502,
            "14": 5.04689359664917,
            "15": 5.025542259216309,
            "16": 5.004396438598633,
            "17": 4.983418941497803,
            "18": 4.9625349044799805,
            "19": 4.941855430603027,
            "20": 4.9213480949401855,
            "21": 4.90098237991333,
            "22": 4.880873203277588,
            "23": 4.860716342926025,
            "24": 4.840909957885742,
            "25": 4.821207523345947
        },
        "val_accuracy": {
            "0": 0.142578125,
            "1": 0.0983072891831398,
            "2": 0.09778645634651184,
            "3": 0.09843750298023224,
            "4": 0.10039062798023224,
            "5": 0.09908854216337204,
            "6": 0.09583333134651184,
            "7": 0.09817708283662796,
            "8": 0.09804687649011612,
            "9": 0.10208333283662796,
            "10": 0.1002604141831398,
            "11": 0.10013020783662796,
            "12": 0.10000000149011612,
            "13": 0.10208333283662796,
            "14": 0.0970052108168602,
            "15": 0.09921874850988388,
            "16": 0.09739582985639572,
            "17": 0.09908854216337204,
            "18": 0.10052083432674408,
            "19": 0.09791667014360428,
            "20": 0.09908854216337204,
            "21": 0.09843750298023224,
            "22": 0.09596354514360428,
            "23": 0.10000000149011612,
            "24": 0.099609375,
            "25": 0.13632813096046448
        }
    },
    "test_accuracy": 0.1463
}