{
    "parameters": {
        "name_model": "VGG16-reg",
        "compile_parameters": "{'metrics': ['accuracy'], 'optimizer': <keras.optimizer_v2.gradient_descent.SGD object at 0x7fa49818acd0>}",
        "l2_reg": 0.0005,
        "batch_size": 512,
        "epochs": 200,
        "initial_epoch": 0,
        "initial_lr": 0.05,
        "num_classes": 10,
        "dropout": 0,
        "batch_norm": false,
        "data_aug": false
    },
    "augmentation_parameters": {
        "used": "False",
        "rotation_range": "45",
        "horizontal_flip": "True",
        "zoom_range": "0.3"
    },
    "train_result": {
        "loss": {
            "0": 4.747189044952393,
            "1": 4.728022575378418,
            "2": 4.709150314331055,
            "3": 4.690493583679199,
            "4": 4.671716690063477,
            "5": 4.653018474578857,
            "6": 4.634518623352051,
            "7": 4.615895748138428,
            "8": 4.5966691970825195,
            "9": 4.5758891105651855,
            "10": 4.549122333526611,
            "11": 4.497054576873779,
            "12": 4.427973747253418,
            "13": 4.3452863693237305,
            "14": 4.289218902587891,
            "15": 4.235682964324951,
            "16": 4.198428153991699,
            "17": 4.161433696746826,
            "18": 4.1319146156311035,
            "19": 4.105463981628418,
            "20": 4.063368320465088,
            "21": 4.045222282409668,
            "22": 4.01220703125,
            "23": 3.979477643966675,
            "24": 3.9594545364379883,
            "25": 3.931333541870117,
            "26": 3.8872106075286865,
            "27": 3.8503286838531494,
            "28": 3.821667432785034,
            "29": 3.7935950756073,
            "30": 3.7578117847442627,
            "31": 3.7300007343292236,
            "32": 3.7023260593414307,
            "33": 3.6738407611846924,
            "34": 3.6420207023620605,
            "35": 3.620567560195923,
            "36": 3.5972115993499756,
            "37": 3.5766398906707764,
            "38": 3.542903423309326,
            "39": 3.5214741230010986,
            "40": 3.4990954399108887,
            "41": 3.4807560443878174,
            "42": 3.446406126022339,
            "43": 3.4298393726348877,
            "44": 3.3965342044830322,
            "45": 3.386889696121216,
            "46": 3.3571572303771973,
            "47": 3.346113443374634,
            "48": 3.311476230621338,
            "49": 3.288494110107422,
            "50": 3.2738959789276123,
            "51": 3.241765260696411,
            "52": 3.216233491897583,
            "53": 3.190300941467285,
            "54": 3.1746554374694824,
            "55": 3.142080307006836,
            "56": 3.1169493198394775,
            "57": 3.110626220703125,
            "58": 3.0718650817871094,
            "59": 3.0411624908447266,
            "60": 3.0132808685302734,
            "61": 2.993861675262451,
            "62": 2.943540334701538,
            "63": 2.9236061573028564,
            "64": 2.908160924911499,
            "65": 2.879678726196289,
            "66": 2.841137647628784,
            "67": 2.7858173847198486,
            "68": 2.7482290267944336,
            "69": 2.7278287410736084,
            "70": 2.683670997619629,
            "71": 2.625368356704712,
            "72": 2.6143476963043213,
            "73": 2.546191692352295,
            "74": 2.5016534328460693,
            "75": 2.4372851848602295,
            "76": 2.384542942047119,
            "77": 2.3401083946228027,
            "78": 2.2916040420532227,
            "79": 2.251274585723877,
            "80": 2.210150957107544,
            "81": 2.0969645977020264,
            "82": 2.213015556335449,
            "83": 2.1973648071289062,
            "84": 2.0027575492858887,
            "85": 1.8760071992874146,
            "86": 1.8222705125808716,
            "87": 1.8235676288604736
        },
        "accuracy": {
            "0": 0.10132192075252533,
            "1": 0.10291734337806702,
            "2": 0.10745036602020264,
            "3": 0.10701985657215118,
            "4": 0.11930206418037415,
            "5": 0.12026438117027283,
            "6": 0.12398703396320343,
            "7": 0.14029578864574432,
            "8": 0.1419925093650818,
            "9": 0.15814931690692902,
            "10": 0.16726601123809814,
            "11": 0.15660454332828522,
            "12": 0.18124493956565857,
            "13": 0.21695198118686676,
            "14": 0.2288796603679657,
            "15": 0.24653059244155884,
            "16": 0.2546343207359314,
            "17": 0.2623581886291504,
            "18": 0.26995542645454407,
            "19": 0.2712976038455963,
            "20": 0.2822376489639282,
            "21": 0.28373175859451294,
            "22": 0.2888472378253937,
            "23": 0.295963317155838,
            "24": 0.2957354187965393,
            "25": 0.30325669050216675,
            "26": 0.3135129511356354,
            "27": 0.32192057371139526,
            "28": 0.32576984167099,
            "29": 0.3309359848499298,
            "30": 0.34040722250938416,
            "31": 0.3474726378917694,
            "32": 0.3538796603679657,
            "33": 0.36003342270851135,
            "34": 0.36742809414863586,
            "35": 0.3724929094314575,
            "36": 0.37353119254112244,
            "37": 0.37816551327705383,
            "38": 0.38550952076911926,
            "39": 0.3896120488643646,
            "40": 0.390979528427124,
            "41": 0.3940690755844116,
            "42": 0.4020715057849884,
            "43": 0.40736424922943115,
            "44": 0.41004863381385803,
            "45": 0.41440436244010925,
            "46": 0.42081138491630554,
            "47": 0.4208873510360718,
            "48": 0.42504051327705383,
            "49": 0.4310170114040375,
            "50": 0.4329163432121277,
            "51": 0.44183042645454407,
            "52": 0.44669267535209656,
            "53": 0.4526691734790802,
            "54": 0.45282110571861267,
            "55": 0.46036770939826965,
            "56": 0.4645208716392517,
            "57": 0.46609097719192505,
            "58": 0.4751570224761963,
            "59": 0.483286052942276,
            "60": 0.49171900749206543,
            "61": 0.4904527962207794,
            "62": 0.5081543922424316,
            "63": 0.5136750340461731,
            "64": 0.516334056854248,
            "65": 0.5236021280288696,
            "66": 0.5368719696998596,
            "67": 0.5508508682250977,
            "68": 0.5645512342453003,
            "69": 0.5665771961212158,
            "70": 0.5822781324386597,
            "71": 0.602360188961029,
            "72": 0.6107171773910522,
            "73": 0.6260129809379578,
            "74": 0.6428534984588623,
            "75": 0.6626063585281372,
            "76": 0.684613049030304,
            "77": 0.6987439393997192,
            "78": 0.7195857167243958,
            "79": 0.7325010299682617,
            "80": 0.7461760640144348,
            "81": 0.7874544262886047,
            "82": 0.7554193735122681,
            "83": 0.745163083076477,
            "84": 0.8274412751197815,
            "85": 0.8611730337142944,
            "86": 0.8823186755180359,
            "87": 0.8909288644790649
        },
        "val_loss": {
            "0": 4.737481117248535,
            "1": 4.718507766723633,
            "2": 4.699655055999756,
            "3": 4.680910110473633,
            "4": 4.662227153778076,
            "5": 4.643670082092285,
            "6": 4.625016212463379,
            "7": 4.60620641708374,
            "8": 4.586499214172363,
            "9": 4.56409215927124,
            "10": 4.530021667480469,
            "11": 4.503108501434326,
            "12": 4.340601444244385,
            "13": 4.326844215393066,
            "14": 4.232611179351807,
            "15": 4.215582370758057,
            "16": 4.166626930236816,
            "17": 4.119416236877441,