{
    "parameters": {
        "name_model": "LSTM_doubleSweep",
        "compile_parameters": "{'metrics': ['accuracy'], 'optimizer': <keras.optimizer_v2.gradient_descent.SGD object at 0x7fdf20265850>}",
        "l2_reg": 0,
        "batch_size": 512,
        "epochs": 100,
        "initial_epoch": 0,
        "initial_lr": 0.01,
        "num_classes": 10,
        "dropout": 0,
        "batch_norm": false,
        "data_aug": false
    },
    "augmentation_parameters": {
        "used": "False",
        "rotation_range": "45",
        "horizontal_flip": "True",
        "zoom_range": "0.3"
    },
    "train_result": {
        "loss": {
            "0": 2.3024187088012695,
            "1": 2.2977750301361084,
            "2": 2.292618989944458,
            "3": 2.285071849822998,
            "4": 2.27138090133667,
            "5": 2.2430615425109863,
            "6": 2.184966802597046,
            "7": 2.1287364959716797,
            "8": 2.1020467281341553,
            "9": 2.0935239791870117,
            "10": 2.0883047580718994,
            "11": 2.0761618614196777,
            "12": 2.071748971939087,
            "13": 2.064035654067993,
            "14": 2.0528054237365723,
            "15": 2.042025089263916,
            "16": 2.033708333969116,
            "17": 2.025059461593628,
            "18": 2.0113372802734375,
            "19": 2.0008225440979004,
            "20": 1.9895888566970825,
            "21": 1.9771734476089478,
            "22": 1.9695771932601929,
            "23": 1.957290768623352,
            "24": 1.9506295919418335,
            "25": 1.9399137496948242,
            "26": 1.934104561805725,
            "27": 1.9212130308151245,
            "28": 1.9152535200119019,
            "29": 1.9056087732315063,
            "30": 1.8943191766738892,
            "31": 1.889204502105713,
            "32": 1.877975583076477,
            "33": 1.8710500001907349,
            "34": 1.863962173461914,
            "35": 1.8592193126678467,
            "36": 1.8513325452804565,
            "37": 1.8432812690734863,
            "38": 1.839010238647461,
            "39": 1.8360025882720947,
            "40": 1.8297536373138428,
            "41": 1.8233391046524048,
            "42": 1.8175814151763916,
            "43": 1.8127682209014893,
            "44": 1.8075695037841797,
            "45": 1.8033009767532349,
            "46": 1.7972915172576904,
            "47": 1.7958266735076904,
            "48": 1.7910252809524536,
            "49": 1.7865469455718994,
            "50": 1.7848302125930786,
            "51": 1.781485676765442,
            "52": 1.7742661237716675,
            "53": 1.774773120880127,
            "54": 1.771381139755249,
            "55": 1.768163800239563,
            "56": 1.7642006874084473,
            "57": 1.7568106651306152,
            "58": 1.7561167478561401,
            "59": 1.7531774044036865,
            "60": 1.7539212703704834,
            "61": 1.7452408075332642,
            "62": 1.7436376810073853,
            "63": 1.7386181354522705,
            "64": 1.734696865081787,
            "65": 1.7311253547668457,
            "66": 1.7281583547592163,
            "67": 1.7239784002304077,
            "68": 1.7187395095825195,
            "69": 1.7208563089370728,
            "70": 1.713413953781128,
            "71": 1.708901047706604,
            "72": 1.7094560861587524,
            "73": 1.7053076028823853,
            "74": 1.6978025436401367,
            "75": 1.696784257888794,
            "76": 1.688953161239624,
            "77": 1.689288854598999,
            "78": 1.683307409286499,
            "79": 1.6829180717468262,
            "80": 1.6772289276123047,
            "81": 1.669861078262329,
            "82": 1.6689066886901855,
            "83": 1.663203477859497,
            "84": 1.6614618301391602,
            "85": 1.654355764389038,
            "86": 1.647497296333313,
            "87": 1.6439356803894043,
            "88": 1.644501805305481,
            "89": 1.6374084949493408,
            "90": 1.631060242652893,
            "91": 1.6299736499786377,
            "92": 1.627593755722046,
            "93": 1.617258071899414,
            "94": 1.6183242797851562,
            "95": 1.608522891998291,
            "96": 1.6092939376831055,
            "97": 1.6036007404327393,
            "98": 1.595909595489502,
            "99": 1.5918179750442505
        },
        "accuracy": {
            "0": 0.08225283771753311,
            "1": 0.10030895471572876,
            "2": 0.10091673582792282,
            "3": 0.10618415474891663,
            "4": 0.12140396982431412,
            "5": 0.1645563244819641,
            "6": 0.18780389428138733,
            "7": 0.2008964717388153,
            "8": 0.21733184158802032,
            "9": 0.23295684158802032,
            "10": 0.24068070948123932,
            "11": 0.24802471697330475,
            "12": 0.24792341887950897,
            "13": 0.2524564564228058,
            "14": 0.2560271620750427,
            "15": 0.2608134150505066,
            "16": 0.2608640491962433,
            "17": 0.26638472080230713,
            "18": 0.27096840739250183,
            "19": 0.2743111848831177,
            "20": 0.2769449055194855,
            "21": 0.28178179264068604,
            "22": 0.28636547923088074,
            "23": 0.2901894152164459,
            "24": 0.294342577457428,
            "25": 0.2974321246147156,
            "26": 0.30193981528282166,
            "27": 0.3059157133102417,
            "28": 0.30971434712409973,
            "29": 0.31429800391197205,
            "30": 0.3199959397315979,
            "31": 0.3246302604675293,
            "32": 0.3285301923751831,
            "33": 0.3335697054862976,
            "34": 0.3352917432785034,
            "35": 0.3364313244819641,
            "36": 0.34263575077056885,
            "37": 0.3432435095310211,
            "38": 0.34509217739105225,
            "39": 0.3454214036464691,
            "40": 0.3483843207359314,
            "41": 0.35053688287734985,
            "42": 0.3547406792640686,
            "43": 0.3562854528427124,
            "44": 0.3600080907344818,
            "45": 0.36013472080230713,
            "46": 0.3625658452510834,
            "47": 0.3630216717720032,
            "48": 0.3653261661529541,
            "49": 0.3645917773246765,
            "50": 0.36593395471572876,
            "51": 0.36603525280952454,
            "52": 0.3696059584617615,
            "53": 0.36798521876335144,
            "54": 0.3717331886291504,
            "55": 0.37130266427993774,
            "56": 0.37198641896247864,
            "57": 0.3743669092655182,
            "58": 0.37702593207359314,
            "59": 0.37548115849494934,
            "60": 0.37429091334342957,
            "61": 0.37996354699134827,
            "62": 0.38011547923088074,
            "63": 0.3813057243824005,
            "64": 0.3812297284603119,
            "65": 0.3828504979610443,
            "66": 0.3845725357532501,
            "67": 0.3865731358528137,
            "68": 0.3878646790981293,
            "69": 0.3841420114040375,
            "70": 0.3888016641139984,
            "71": 0.3898906111717224,
            "72": 0.3913593888282776,
            "73": 0.39151135087013245,
            "74": 0.3937145471572876,
            "75": 0.3964748680591583,
            "76": 0.3978615701198578,
            "77": 0.39614567160606384,
            "78": 0.3989313244819641,
            "79": 0.3989313244819641,
            "80": 0.4017676115036011,
            "81": 0.40250203013420105,
            "82": 0.4048824906349182,
            "83": 0.40571820735931396,
            "84": 0.4065003991127014,
            "85": 0.4099726378917694,
            "86": 0.4107576906681061,
            "87": 0.41359400749206543,
            "88": 0.41354334354400635,
            "89": 0.4163796603679657,
            "90": 0.41721534729003906,
            "91": 0.41754457354545593,
            "92": 0.4182029962539673,