{
    "parameters": {
        "name_model": "LSTM_singleSweep",
        "compile_parameters": "{'metrics': ['accuracy'], 'optimizer': <keras.optimizer_v2.gradient_descent.SGD object at 0x7f7cf02f8fd0>}",
        "l2_reg": 0,
        "batch_size": 512,
        "epochs": 100,
        "initial_epoch": 0,
        "initial_lr": 0.1,
        "num_classes": 10,
        "dropout": 0,
        "batch_norm": false,
        "data_aug": false
    },
    "augmentation_parameters": {
        "used": "False",
        "rotation_range": "45",
        "horizontal_flip": "True",
        "zoom_range": "0.3"
    },
    "train_result": {
        "loss": {
            "0": 2.111762285232544,
            "1": 1.922533631324768,
            "2": 1.8613516092300415,
            "3": 1.805790662765503,
            "4": 1.7635260820388794,
            "5": 1.7304325103759766,
            "6": 1.700100302696228,
            "7": 1.6745566129684448,
            "8": 1.648779273033142,
            "9": 1.630570650100708,
            "10": 1.635650873184204,
            "11": 1.5993808507919312,
            "12": 1.5905609130859375,
            "13": 1.5718090534210205,
            "14": 1.5659912824630737,
            "15": 1.5505536794662476,
            "16": 1.531887412071228,
            "17": 1.5249416828155518,
            "18": 1.5059305429458618,
            "19": 1.4987239837646484,
            "20": 1.4768610000610352,
            "21": 1.4627978801727295,
            "22": 1.4493759870529175,
            "23": 1.4362720251083374,
            "24": 1.4222091436386108,
            "25": 1.4183307886123657,
            "26": 1.4086177349090576,
            "27": 1.3963673114776611,
            "28": 1.3912771940231323,
            "29": 1.378966212272644,
            "30": 1.3723771572113037,
            "31": 1.3634477853775024,
            "32": 1.3556042909622192,
            "33": 1.3472912311553955,
            "34": 1.341490387916565,
            "35": 1.3326703310012817,
            "36": 1.3280619382858276,
            "37": 1.310125708580017,
            "38": 1.3057992458343506,
            "39": 1.2986974716186523,
            "40": 1.2858012914657593,
            "41": 1.2717276811599731,
            "42": 1.268668293952942,
            "43": 1.2518256902694702,
            "44": 1.2547801733016968,
            "45": 1.2497398853302002,
            "46": 1.2359486818313599,
            "47": 1.237491488456726,
            "48": 1.2100530862808228,
            "49": 1.2109712362289429,
            "50": 1.2000359296798706,
            "51": 1.1913642883300781,
            "52": 1.1841177940368652,
            "53": 1.1716835498809814,
            "54": 1.1854625940322876,
            "55": 1.1599408388137817,
            "56": 1.1496208906173706,
            "57": 1.1933884620666504,
            "58": 1.1462706327438354,
            "59": 1.130457878112793,
            "60": 1.1207207441329956,
            "61": 1.1203558444976807,
            "62": 1.111700415611267,
            "63": 1.1067159175872803,
            "64": 1.0956721305847168,
            "65": 1.0936002731323242,
            "66": 1.1776918172836304,
            "67": 1.101469874382019,
            "68": 1.0622340440750122,
            "69": 1.0646549463272095,
            "70": 1.0586731433868408,
            "71": 1.049765944480896,
            "72": 1.0402346849441528,
            "73": 1.02913498878479,
            "74": 1.0309734344482422,
            "75": 1.030631422996521,
            "76": 1.010465145111084,
            "77": 1.0115861892700195,
            "78": 0.9979419112205505,
            "79": 0.9941025376319885,
            "80": 0.9912531971931458,
            "81": 0.9808841347694397,
            "82": 0.9737111330032349,
            "83": 0.9745309352874756,
            "84": 0.9624033570289612,
            "85": 0.9516607522964478,
            "86": 0.951521635055542,
            "87": 0.9518752098083496,
            "88": 0.935084342956543,
            "89": 0.9316014647483826,
            "90": 0.9265459179878235,
            "91": 0.9187331199645996,
            "92": 0.9047601222991943,
            "93": 0.9060081243515015,
            "94": 0.9039663672447205,
            "95": 0.8934179544448853,
            "96": 0.879939079284668,
            "97": 0.8875144124031067,
            "98": 0.8729764223098755,
            "99": 0.8665052056312561
        },
        "accuracy": {
            "0": 0.23908528685569763,
            "1": 0.3252127170562744,
            "2": 0.3486122488975525,
            "3": 0.36917543411254883,
            "4": 0.3845472037792206,
            "5": 0.39312902092933655,
            "6": 0.4032111167907715,
            "7": 0.41154274344444275,
            "8": 0.41870948672294617,
            "9": 0.4256989359855652,
            "10": 0.42466065287590027,
            "11": 0.4369428753852844,
            "12": 0.44020968675613403,
            "13": 0.4474017322063446,
            "14": 0.44988352060317993,
            "15": 0.454391211271286,
            "16": 0.46145665645599365,
            "17": 0.46512866020202637,
            "18": 0.47140902280807495,
            "19": 0.4740174114704132,
            "20": 0.4820705056190491,
            "21": 0.4878190755844116,
            "22": 0.4934663772583008,
            "23": 0.4968091547489166,
            "24": 0.500531792640686,
            "25": 0.5029882788658142,
            "26": 0.5069388151168823,
            "27": 0.5102816224098206,
            "28": 0.5148399472236633,
            "29": 0.5151185393333435,
            "30": 0.5195249319076538,
            "31": 0.520993709564209,
            "32": 0.5243365168571472,
            "33": 0.5268689393997192,
            "34": 0.5291987657546997,
            "35": 0.5348206758499146,
            "36": 0.5375556945800781,
            "37": 0.540974497795105,
            "38": 0.540797233581543,
            "39": 0.5429497361183167,
            "40": 0.547406792640686,
            "41": 0.5502684116363525,
            "42": 0.5518638491630554,
            "43": 0.5594104528427124,
            "44": 0.5566754341125488,
            "45": 0.5583974719047546,
            "46": 0.5631584525108337,
            "47": 0.5634369850158691,
            "48": 0.5712874531745911,
            "49": 0.5718193054199219,
            "50": 0.577593207359314,
            "51": 0.5767321586608887,
            "52": 0.5799736380577087,
            "53": 0.5864313244819641,
            "54": 0.5832151770591736,
            "55": 0.5908123850822449,
            "56": 0.5939779281616211,
            "57": 0.5796444416046143,
            "58": 0.5949655771255493,
            "59": 0.6005622148513794,
            "60": 0.604538083076477,
            "61": 0.6026387810707092,
            "62": 0.6057283282279968,
            "63": 0.606184184551239,
            "64": 0.6133762001991272,
            "65": 0.6139333248138428,
            "66": 0.5945350527763367,
            "67": 0.6108691096305847,
            "68": 0.6243668794631958,
            "69": 0.6232779622077942,
            "70": 0.6264687776565552,
            "71": 0.6302167773246765,
            "72": 0.6311790943145752,
            "73": 0.6364465355873108,
            "74": 0.6352056264877319,
            "75": 0.6372568607330322,
            "76": 0.6437398791313171,
            "77": 0.6430814266204834,
            "78": 0.645993709564209,
            "79": 0.6496403813362122,
            "80": 0.6508052945137024,
            "81": 0.653236448764801,
            "82": 0.6571869850158691,
            "83": 0.6565791964530945,
            "84": 0.663264811038971,
            "85": 0.6676965355873108,
            "86": 0.6660251021385193,
            "87": 0.6651387810707092,
            "88": 0.6700010299682617,
            "89": 0.6702289581298828,
            "90": 0.6735717058181763,
            "91": 0.6782820224761963,
            "92": 0.681599497795105,
            "93": 0.6807637810707092,