{
    "parameters": {
        "name_model": "VGG16-drop",
        "compile_parameters": "{'metrics': ['accuracy'], 'optimizer': <keras.optimizer_v2.gradient_descent.SGD object at 0x7f227806d6a0>}",
        "l2_reg": 0,
        "batch_size": 512,
        "epochs": 200,
        "initial_epoch": 0,
        "initial_lr": 0.05,
        "num_classes": 10,
        "dropout": 0.1,
        "batch_norm": false,
        "data_aug": false
    },
    "augmentation_parameters": {
        "used": "False",
        "rotation_range": "45",
        "horizontal_flip": "True",
        "zoom_range": "0.3"
    },
    "train_result": {
        "loss": {
            "0": 2.302554130554199,
            "1": 2.3024399280548096,
            "2": 2.302290201187134,
            "3": 2.3021039962768555,
            "4": 2.301723003387451,
            "5": 2.300966739654541,
            "6": 2.2992684841156006,
            "7": 2.2948758602142334,
            "8": 2.279528856277466,
            "9": 2.2314934730529785,
            "10": 2.157836437225342,
            "11": 2.1078455448150635,
            "12": 2.0773134231567383,
            "13": 2.041280746459961,
            "14": 2.019212484359741,
            "15": 1.998661756515503,
            "16": 1.9764736890792847,
            "17": 1.9751231670379639,
            "18": 1.9502726793289185,
            "19": 1.9327647686004639,
            "20": 1.9025758504867554,
            "21": 1.8964370489120483,
            "22": 1.8549751043319702,
            "23": 1.8445993661880493,
            "24": 1.8182252645492554,
            "25": 1.8070307970046997,
            "26": 1.7795164585113525,
            "27": 1.7645659446716309,
            "28": 1.7457085847854614,
            "29": 1.7333855628967285,
            "30": 1.723484992980957,
            "31": 1.7048534154891968,
            "32": 1.6869142055511475,
            "33": 1.672752022743225,
            "34": 1.6580854654312134,
            "35": 1.63327956199646,
            "36": 1.6197538375854492,
            "37": 1.6091976165771484,
            "38": 1.5845099687576294,
            "39": 1.5776963233947754,
            "40": 1.5518405437469482,
            "41": 1.5272353887557983,
            "42": 1.513345718383789,
            "43": 1.4765459299087524,
            "44": 1.4618834257125854,
            "45": 1.4418925046920776,
            "46": 1.4131832122802734,
            "47": 1.3790733814239502,
            "48": 1.3550220727920532,
            "49": 1.344954013824463,
            "50": 1.3093194961547852,
            "51": 1.2620527744293213,
            "52": 1.2407987117767334,
            "53": 1.2129275798797607,
            "54": 1.1916160583496094,
            "55": 1.1585816144943237,
            "56": 1.122531533241272,
            "57": 1.0639262199401855,
            "58": 1.0201139450073242,
            "59": 0.9844012260437012,
            "60": 0.9490370154380798,
            "61": 0.8930104970932007,
            "62": 0.8372834324836731,
            "63": 0.7468474507331848,
            "64": 0.7367055416107178,
            "65": 0.6720594167709351,
            "66": 0.6197448372840881,
            "67": 0.5073004364967346,
            "68": 0.5154450535774231,
            "69": 0.3969639539718628,
            "70": 0.3312056064605713,
            "71": 0.29345911741256714,
            "72": 0.27660319209098816,
            "73": 0.37519511580467224,
            "74": 0.2754938006401062,
            "75": 0.2094942033290863,
            "76": 0.18079467117786407,
            "77": 0.2707449495792389,
            "78": 0.23553027212619781,
            "79": 0.08718497306108475,
            "80": 0.13001999258995056,
            "81": 0.13353528082370758,
            "82": 0.027132520452141762,
            "83": 0.12226808071136475,
            "84": 0.011629756540060043,
            "85": 0.013218279927968979,
            "86": 0.009617478586733341,
            "87": 0.11256719380617142,
            "88": 0.01576550118625164,
            "89": 0.024059219285845757,
            "90": 0.03250940516591072,
            "91": 0.12158755958080292,
            "92": 0.013186583295464516,
            "93": 0.013821170665323734,
            "94": 0.08715309947729111,
            "95": 0.07086557894945145,
            "96": 0.008412152528762817
        },
        "accuracy": {
            "0": 0.10253748297691345,
            "1": 0.10613350570201874,
            "2": 0.10656402260065079,
            "3": 0.12335392832756042,
            "4": 0.12006179243326187,
            "5": 0.12732982635498047,
            "6": 0.1489313244819641,
            "7": 0.1612895131111145,
            "8": 0.1654679924249649,
            "9": 0.1648855358362198,
            "10": 0.20613858103752136,
            "11": 0.22186486423015594,
            "12": 0.23510940372943878,
            "13": 0.250911682844162,
            "14": 0.26324453949928284,
            "15": 0.2721079885959625,
            "16": 0.2777046263217926,
            "17": 0.27800852060317993,
            "18": 0.28950566053390503,
            "19": 0.2922406792640686,
            "20": 0.3025476038455963,
            "21": 0.3059663772583008,
            "22": 0.3229841887950897,
            "23": 0.3289353847503662,
            "24": 0.3346079885959625,
            "25": 0.33977410197257996,
            "26": 0.3487895131111145,
            "27": 0.35734906792640686,
            "28": 0.3665923774242401,
            "29": 0.3702390491962433,
            "30": 0.37679800391197205,
            "31": 0.3834076225757599,
            "32": 0.3910808265209198,
            "33": 0.39890599250793457,
            "34": 0.40232476592063904,
            "35": 0.41222649812698364,
            "36": 0.4182283282279968,
            "37": 0.4254710376262665,
            "38": 0.4297254979610443,
            "39": 0.4354993999004364,
            "40": 0.44514790177345276,
            "41": 0.4531756341457367,
            "42": 0.4583924114704132,
            "43": 0.47249796986579895,
            "44": 0.4773348867893219,
            "45": 0.48779377341270447,
            "46": 0.4946059584617615,
            "47": 0.5091673135757446,
            "48": 0.5163847208023071,
            "49": 0.5229436755180359,
            "50": 0.5350232720375061,
            "51": 0.5514586567878723,
            "52": 0.5598916411399841,
            "53": 0.5695907473564148,
            "54": 0.580125629901886,
            "55": 0.5911416411399841,
            "56": 0.6028667092323303,
            "57": 0.6290518641471863,
            "58": 0.6392068266868591,
            "59": 0.6538441777229309,
            "60": 0.6656199097633362,
            "61": 0.6906655430793762,
            "62": 0.7077086567878723,
            "63": 0.7374645471572876,
            "64": 0.744935154914856,
            "65": 0.773348867893219,
            "66": 0.7835798263549805,
            "67": 0.8273146152496338,
            "68": 0.8314424753189087,
            "69": 0.8681371808052063,
            "70": 0.8947275280952454,
            "71": 0.9107070565223694,
            "72": 0.9149108529090881,
            "73": 0.8883965015411377,
            "74": 0.917341947555542,
            "75": 0.9374746680259705,
            "76": 0.9475536942481995,
            "77": 0.9179244041442871,
            "78": 0.9306877851486206,
            "79": 0.9741440415382385,
            "80": 0.9642929434776306,
            "81": 0.9640903472900391,
            "82": 0.992579996585846,
            "83": 0.9677876830101013,
            "84": 0.9975941777229309,
            "85": 0.9969104528427124,
            "86": 0.9975941777229309,
            "87": 0.971586287021637,
            "88": 0.9961507320404053,
            "89": 0.9935929775238037,
            "90": 0.9900476336479187,
            "91": 0.9667240977287292,
            "92": 0.9964545965194702,
            "93": 0.9964039921760559,
            "94": 0.9771323204040527,