{
    "parameters": {
        "name_model": "LSTM_doubleSweep",
        "compile_parameters": "{'metrics': ['accuracy'], 'optimizer': <keras.optimizer_v2.gradient_descent.SGD object at 0x7fd7802babb0>}",
        "l2_reg": 0,
        "batch_size": 512,
        "epochs": 100,
        "initial_epoch": 0,
        "initial_lr": 0.1,
        "num_classes": 10,
        "dropout": 0,
        "batch_norm": false,
        "data_aug": false
    },
    "augmentation_parameters": {
        "used": "False",
        "rotation_range": "45",
        "horizontal_flip": "True",
        "zoom_range": "0.3"
    },
    "train_result": {
        "loss": {
            "0": 2.276252508163452,
            "1": 2.143216848373413,
            "2": 2.0423059463500977,
            "3": 1.9853947162628174,
            "4": 1.9259384870529175,
            "5": 1.8733980655670166,
            "6": 1.8413164615631104,
            "7": 1.8091483116149902,
            "8": 1.771350383758545,
            "9": 1.750738501548767,
            "10": 1.7255525588989258,
            "11": 1.682415246963501,
            "12": 1.6670818328857422,
            "13": 1.632477879524231,
            "14": 1.6152887344360352,
            "15": 1.574364185333252,
            "16": 1.5574640035629272,
            "17": 1.5257643461227417,
            "18": 1.4990817308425903,
            "19": 1.4861371517181396,
            "20": 1.4628188610076904,
            "21": 1.4430545568466187,
            "22": 1.4325075149536133,
            "23": 1.4167120456695557,
            "24": 1.3978582620620728,
            "25": 1.3795549869537354,
            "26": 1.3755728006362915,
            "27": 1.3565690517425537,
            "28": 1.345913290977478,
            "29": 1.3343393802642822,
            "30": 1.3237273693084717,
            "31": 1.3111406564712524,
            "32": 1.3030003309249878,
            "33": 1.2894768714904785,
            "34": 1.2840408086776733,
            "35": 1.2654212713241577,
            "36": 1.2625367641448975,
            "37": 1.250399112701416,
            "38": 1.2399730682373047,
            "39": 1.2307642698287964,
            "40": 1.2224637269973755,
            "41": 1.2173609733581543,
            "42": 1.2022647857666016,
            "43": 1.1934149265289307,
            "44": 1.1855956315994263,
            "45": 1.1768611669540405,
            "46": 1.1709644794464111,
            "47": 1.1555238962173462,
            "48": 1.1540652513504028,
            "49": 1.1508477926254272,
            "50": 1.1360722780227661,
            "51": 1.1285324096679688,
            "52": 1.12147855758667,
            "53": 1.1112185716629028,
            "54": 1.1040832996368408,
            "55": 1.0985276699066162,
            "56": 1.0912069082260132,
            "57": 1.0802220106124878,
            "58": 1.0723345279693604,
            "59": 1.0645853281021118,
            "60": 1.0507400035858154,
            "61": 1.0512983798980713,
            "62": 1.0403406620025635,
            "63": 1.0374771356582642,
            "64": 1.0263671875,
            "65": 1.0136058330535889,
            "66": 1.01224684715271,
            "67": 1.0053668022155762,
            "68": 0.9918574094772339,
            "69": 0.9949354529380798,
            "70": 0.9866904616355896,
            "71": 0.9749433398246765,
            "72": 0.9661402106285095,
            "73": 0.9582487940788269,
            "74": 0.9472617506980896,
            "75": 0.9510325789451599,
            "76": 0.9349468350410461,
            "77": 0.932079553604126,
            "78": 0.9317865371704102,
            "79": 0.9166139364242554,
            "80": 0.9101360440254211,
            "81": 0.9042097330093384,
            "82": 0.8974303007125854,
            "83": 0.8866618871688843,
            "84": 0.8814582228660583,
            "85": 0.8829814791679382,
            "86": 0.8677962422370911,
            "87": 0.8617507219314575,
            "88": 0.8516601324081421,
            "89": 0.8501513600349426,
            "90": 0.838811993598938,
            "91": 0.8444569706916809,
            "92": 0.8313514590263367,
            "93": 0.8186085820198059,
            "94": 0.8088768720626831,
            "95": 0.8080458045005798,
            "96": 0.7991206645965576,
            "97": 0.7995713353157043,
            "98": 0.789741575717926,
            "99": 0.7829703092575073
        },
        "accuracy": {
            "0": 0.1397639811038971,
            "1": 0.21345725655555725,
            "2": 0.2563563585281372,
            "3": 0.2793506979942322,
            "4": 0.30834683775901794,
            "5": 0.33032819628715515,
            "6": 0.3436487019062042,
            "7": 0.35658934712409973,
            "8": 0.3738604187965393,
            "9": 0.3786720037460327,
            "10": 0.39092889428138733,
            "11": 0.40232476592063904,
            "12": 0.4098460376262665,
            "13": 0.421697735786438,
            "14": 0.4274716377258301,
            "15": 0.4398044943809509,
            "16": 0.44628748297691345,
            "17": 0.4553535282611847,
            "18": 0.4653565585613251,
            "19": 0.4658883810043335,
            "20": 0.47518232464790344,
            "21": 0.48467889428138733,
            "22": 0.48698338866233826,
            "23": 0.4914151132106781,
            "24": 0.5004305243492126,
            "25": 0.5073367357254028,
            "26": 0.5090660452842712,
            "27": 0.513092577457428,
            "28": 0.5188918113708496,
            "29": 0.5214748978614807,
            "30": 0.528413712978363,
            "31": 0.5326681733131409,
            "32": 0.5352765321731567,
            "33": 0.5401894450187683,
            "34": 0.5432283282279968,
            "35": 0.5500405430793762,
            "36": 0.5491794943809509,
            "37": 0.5541430115699768,
            "38": 0.5611071586608887,
            "39": 0.5623987317085266,
            "40": 0.5667544603347778,
            "41": 0.5685018301010132,
            "42": 0.5726549625396729,
            "43": 0.5747821927070618,
            "44": 0.5789860486984253,
            "45": 0.5822781324386597,
            "46": 0.5851904153823853,
            "47": 0.5901033282279968,
            "48": 0.5905338525772095,
            "49": 0.5935220718383789,
            "50": 0.5987135171890259,
            "51": 0.6017017960548401,
            "52": 0.6035504341125488,
            "53": 0.6068679094314575,
            "54": 0.6077795624732971,
            "55": 0.609020471572876,
            "56": 0.6162359714508057,
            "57": 0.6173267960548401,
            "58": 0.6227208375930786,
            "59": 0.6214799284934998,
            "60": 0.6291065812110901,
            "61": 0.6302167773246765,
            "62": 0.6310018301010132,
            "63": 0.6340660452842712,
            "64": 0.6385231018066406,
            "65": 0.6437905430793762,
            "66": 0.6452086567878723,
            "67": 0.6463229060173035,
            "68": 0.6510332226753235,
            "69": 0.6492858529090881,
            "70": 0.6533377170562744,
            "71": 0.6570350527763367,
            "72": 0.6605297923088074,
            "73": 0.6619985699653625,
            "74": 0.6679750680923462,
            "75": 0.6624797582626343,
            "76": 0.6696211695671082,
            "77": 0.6720016002655029,
            "78": 0.6722801923751831,
            "79": 0.6779780983924866,
            "80": 0.6798014640808105,
            "81": 0.6818780303001404,
            "82": 0.6841825246810913,
            "83": 0.6906148791313171,
            "84": 0.690032422542572,
            "85": 0.6917037963867188,
            "86": 0.6951478719711304,
            "87": 0.6966673135757446,
            "88": 0.7022639513015747,
            "89": 0.703834056854248,
            "90": 0.7063411474227905,
            "91": 0.7051002979278564,
            "92": 0.7080631852149963,