{
    "parameters": {
        "name_model": "LSTM_singleSweep",
        "compile_parameters": "{'metrics': ['accuracy'], 'optimizer': <keras.optimizer_v2.gradient_descent.SGD object at 0x7f2048727d30>}",
        "l2_reg": 0,
        "batch_size": 512,
        "epochs": 100,
        "initial_epoch": 0,
        "initial_lr": 0.05,
        "num_classes": 10,
        "dropout": 0,
        "batch_norm": false,
        "data_aug": false
    },
    "augmentation_parameters": {
        "used": "False",
        "rotation_range": "45",
        "horizontal_flip": "True",
        "zoom_range": "0.3"
    },
    "train_result": {
        "loss": {
            "0": 2.1528236865997314,
            "1": 1.978684425354004,
            "2": 1.8974658250808716,
            "3": 1.854779839515686,
            "4": 1.8252382278442383,
            "5": 1.791890263557434,
            "6": 1.7733267545700073,
            "7": 1.7432456016540527,
            "8": 1.7158383131027222,
            "9": 1.6967743635177612,
            "10": 1.6816844940185547,
            "11": 1.6600120067596436,
            "12": 1.6499658823013306,
            "13": 1.6339343786239624,
            "14": 1.6247968673706055,
            "15": 1.610949993133545,
            "16": 1.6020137071609497,
            "17": 1.5967131853103638,
            "18": 1.58561372756958,
            "19": 1.5789011716842651,
            "20": 1.5690765380859375,
            "21": 1.559402585029602,
            "22": 1.5500308275222778,
            "23": 1.5461807250976562,
            "24": 1.5350204706192017,
            "25": 1.5286222696304321,
            "26": 1.5160510540008545,
            "27": 1.5114377737045288,
            "28": 1.5023961067199707,
            "29": 1.4946526288986206,
            "30": 1.4855287075042725,
            "31": 1.479166865348816,
            "32": 1.4704899787902832,
            "33": 1.4584187269210815,
            "34": 1.4508148431777954,
            "35": 1.4446091651916504,
            "36": 1.434531569480896,
            "37": 1.4293935298919678,
            "38": 1.4222556352615356,
            "39": 1.41847825050354,
            "40": 1.4069170951843262,
            "41": 1.4026063680648804,
            "42": 1.3995208740234375,
            "43": 1.391735553741455,
            "44": 1.3799232244491577,
            "45": 1.3758139610290527,
            "46": 1.3711137771606445,
            "47": 1.3656114339828491,
            "48": 1.3530404567718506,
            "49": 1.343830943107605,
            "50": 1.3425846099853516,
            "51": 1.3342941999435425,
            "52": 1.3322359323501587,
            "53": 1.3226779699325562,
            "54": 1.3265767097473145,
            "55": 1.3030508756637573,
            "56": 1.2986611127853394,
            "57": 1.2899810075759888,
            "58": 1.2814180850982666,
            "59": 1.2775371074676514,
            "60": 1.276606798171997,
            "61": 1.2793163061141968,
            "62": 1.259762167930603,
            "63": 1.2572861909866333,
            "64": 1.2525562047958374,
            "65": 1.2448217868804932,
            "66": 1.240740418434143,
            "67": 1.2319629192352295,
            "68": 1.2334496974945068,
            "69": 1.221198320388794,
            "70": 1.2211579084396362,
            "71": 1.2093368768692017,
            "72": 1.2073383331298828,
            "73": 1.2097866535186768,
            "74": 1.199256420135498,
            "75": 1.283395767211914,
            "76": 1.1870534420013428,
            "77": 1.1829638481140137,
            "78": 1.1781259775161743,
            "79": 1.1721210479736328,
            "80": 1.1678807735443115,
            "81": 1.1663379669189453,
            "82": 1.1663984060287476,
            "83": 1.1564531326293945,
            "84": 1.1491343975067139,
            "85": 1.14783775806427,
            "86": 1.1474875211715698,
            "87": 1.1361494064331055,
            "88": 1.1321369409561157,
            "89": 1.1309787034988403,
            "90": 1.1205089092254639,
            "91": 1.12037193775177,
            "92": 1.1428662538528442,
            "93": 1.1059091091156006,
            "94": 1.1055500507354736,
            "95": 1.102608561515808,
            "96": 1.0929126739501953,
            "97": 1.0962945222854614,
            "98": 1.0877662897109985,
            "99": 1.0860722064971924
        },
        "accuracy": {
            "0": 0.21791429817676544,
            "1": 0.3016359508037567,
            "2": 0.33524107933044434,
            "3": 0.3458012640476227,
            "4": 0.35636141896247864,
            "5": 0.37120136618614197,
            "6": 0.37679800391197205,
            "7": 0.38877633213996887,
            "8": 0.3994884490966797,
            "9": 0.40422406792640686,
            "10": 0.4096940755844116,
            "11": 0.4162023961544037,
            "12": 0.4194185435771942,
            "13": 0.42529377341270447,
            "14": 0.4266106188297272,
            "15": 0.43071311712265015,
            "16": 0.43572214245796204,
            "17": 0.43752533197402954,
            "18": 0.43896880745887756,
            "19": 0.4435271620750427,
            "20": 0.44765499234199524,
            "21": 0.4488958716392517,
            "22": 0.45173215866088867,
            "23": 0.45715153217315674,
            "24": 0.45910149812698364,
            "25": 0.4600384831428528,
            "26": 0.46700263023376465,
            "27": 0.4676104187965393,
            "28": 0.47118112444877625,
            "29": 0.4752836227416992,
            "30": 0.47857576608657837,
            "31": 0.48004457354545593,
            "32": 0.4817919433116913,
            "33": 0.48743921518325806,
            "34": 0.4901489019393921,
            "35": 0.49098458886146545,
            "36": 0.4946059584617615,
            "37": 0.49751824140548706,
            "38": 0.49797406792640686,
            "39": 0.5008610486984253,
            "40": 0.5043051242828369,
            "41": 0.5081037282943726,
            "42": 0.5066855549812317,
            "43": 0.5122062563896179,
            "44": 0.5174230337142944,
            "45": 0.5162834525108337,
            "46": 0.5184106826782227,
            "47": 0.5207404494285583,
            "48": 0.5227664113044739,
            "49": 0.5262104868888855,
            "50": 0.526185154914856,
            "51": 0.530540943145752,
            "52": 0.5307688117027283,
            "53": 0.5330986380577087,
            "54": 0.5336304903030396,
            "55": 0.5404173135757446,
            "56": 0.5401894450187683,
            "57": 0.5448490977287292,
            "58": 0.5448997020721436,
            "59": 0.5479385852813721,
            "60": 0.5471788644790649,
            "61": 0.5467990040779114,
            "62": 0.551939845085144,
            "63": 0.5556877851486206,
            "64": 0.5569286942481995,
            "65": 0.5603981018066406,
            "66": 0.5600689053535461,
            "67": 0.5634369850158691,
            "68": 0.5632850527763367,
            "69": 0.5677167773246765,
            "70": 0.5672862529754639,
            "71": 0.5728069543838501,
            "72": 0.5719712376594543,
            "73": 0.5700212717056274,
            "74": 0.5775678753852844,
            "75": 0.5565235018730164,
            "76": 0.580125629901886,
            "77": 0.5814931392669678,
            "78": 0.5832151770591736,
            "79": 0.5831645131111145,
            "80": 0.5842787623405457,
            "81": 0.586380660533905,
            "82": 0.5877228379249573,
            "83": 0.5903312563896179,
            "84": 0.5926610827445984,
            "85": 0.5929396152496338,
            "86": 0.5933701395988464,
            "87": 0.5976499319076538,
            "88": 0.6008407473564148,
            "89": 0.5996758341789246,
            "90": 0.6032719016075134,
            "91": 0.6038036942481995,
            "92": 0.596409022808075,