{
    "parameters": {
        "name_model": "VGG16-reg",
        "compile_parameters": "{'metrics': ['accuracy'], 'optimizer': <keras.optimizer_v2.gradient_descent.SGD object at 0x7faec61b9f70>}",
        "l2_reg": 0.0002,
        "batch_size": 512,
        "epochs": 200,
        "initial_epoch": 0,
        "initial_lr": 0.05,
        "num_classes": 10,
        "dropout": 0,
        "batch_norm": false,
        "data_aug": false
    },
    "augmentation_parameters": {
        "used": "False",
        "rotation_range": "45",
        "horizontal_flip": "True",
        "zoom_range": "0.3"
    },
    "train_result": {
        "loss": {
            "0": 3.2826526165008545,
            "1": 3.27951717376709,
            "2": 3.2763917446136475,
            "3": 3.2732009887695312,
            "4": 3.2699368000030518,
            "5": 3.266514301300049,
            "6": 3.2627336978912354,
            "7": 3.257753610610962,
            "8": 3.2490227222442627,
            "9": 3.223015069961548,
            "10": 3.1833128929138184,
            "11": 3.1043171882629395,
            "12": 3.0550448894500732,
            "13": 3.009591817855835,
            "14": 2.985588312149048,
            "15": 2.9505057334899902,
            "16": 2.937074661254883,
            "17": 2.910245180130005,
            "18": 2.8977279663085938,
            "19": 2.8872628211975098,
            "20": 2.86258602142334,
            "21": 2.8480420112609863,
            "22": 2.820204734802246,
            "23": 2.792767286300659,
            "24": 2.783130645751953,
            "25": 2.7371914386749268,
            "26": 2.7226459980010986,
            "27": 2.6997716426849365,
            "28": 2.6849398612976074,
            "29": 2.660338878631592,
            "30": 2.652130365371704,
            "31": 2.631688356399536,
            "32": 2.6145198345184326,
            "33": 2.5964906215667725,
            "34": 2.576160192489624,
            "35": 2.560795545578003,
            "36": 2.542370319366455,
            "37": 2.5311925411224365,
            "38": 2.5202341079711914,
            "39": 2.496631622314453,
            "40": 2.4846749305725098,
            "41": 2.4603230953216553,
            "42": 2.450364828109741,
            "43": 2.427170991897583,
            "44": 2.41412353515625,
            "45": 2.3848557472229004,
            "46": 2.366792917251587,
            "47": 2.3531837463378906,
            "48": 2.3282406330108643,
            "49": 2.305891275405884,
            "50": 2.295837163925171,
            "51": 2.2540338039398193,
            "52": 2.2293684482574463,
            "53": 2.1913745403289795,
            "54": 2.171783447265625,
            "55": 2.1488466262817383,
            "56": 2.1228268146514893,
            "57": 2.070291042327881,
            "58": 2.0442721843719482,
            "59": 2.007113456726074,
            "60": 1.9780585765838623,
            "61": 1.9378836154937744,
            "62": 1.8884989023208618,
            "63": 1.84128999710083,
            "64": 1.818556785583496,
            "65": 1.7740747928619385,
            "66": 1.678214192390442,
            "67": 1.6729249954223633,
            "68": 1.5782456398010254,
            "69": 1.5875096321105957,
            "70": 1.5013747215270996,
            "71": 1.4970234632492065,
            "72": 1.8220256567001343,
            "73": 1.3862375020980835,
            "74": 1.2498762607574463,
            "75": 1.1468563079833984,
            "76": 1.053096890449524,
            "77": 1.3537492752075195,
            "78": 1.0660392045974731,
            "79": 1.0717883110046387,
            "80": 1.0849976539611816,
            "81": 1.0512434244155884,
            "82": 0.8850539922714233,
            "83": 0.9840101003646851,
            "84": 0.9276934266090393,
            "85": 0.8993909358978271,
            "86": 0.8739572763442993,
            "87": 1.0528078079223633,
            "88": 0.991227924823761
        },
        "accuracy": {
            "0": 0.09944793581962585,
            "1": 0.10357577353715897,
            "2": 0.10438614338636398,
            "3": 0.10636142641305923,
            "4": 0.10978018492460251,
            "5": 0.11763067543506622,
            "6": 0.132901132106781,
            "7": 0.1468040943145752,
            "8": 0.16204923391342163,
            "9": 0.17220421135425568,
            "10": 0.164151132106781,
            "11": 0.2066703736782074,
            "12": 0.22153565287590027,
            "13": 0.24202288687229156,
            "14": 0.2507343888282776,
            "15": 0.26387763023376465,
            "16": 0.2675243020057678,
            "17": 0.2771981358528137,
            "18": 0.28173115849494934,
            "19": 0.2857576906681061,
            "20": 0.28831544518470764,
            "21": 0.2943172752857208,
            "22": 0.30348458886146545,
            "23": 0.313411682844162,
            "24": 0.3148044943809509,
            "25": 0.33227816224098206,
            "26": 0.3372163772583008,
            "27": 0.3453454077243805,
            "28": 0.35041025280952454,
            "29": 0.36173015832901,
            "30": 0.3666430413722992,
            "31": 0.3722396790981293,
            "32": 0.3785453736782074,
            "33": 0.3870289623737335,
            "34": 0.39123278856277466,
            "35": 0.39814627170562744,
            "36": 0.40199553966522217,
            "37": 0.40695908665657043,
            "38": 0.4112895131111145,
            "39": 0.41812703013420105,
            "40": 0.42607879638671875,
            "41": 0.43048521876335144,
            "42": 0.4354487359523773,
            "43": 0.4427674114704132,
            "44": 0.4488452076911926,
            "45": 0.45659440755844116,
            "46": 0.46208974719047546,
            "47": 0.46928179264068604,
            "48": 0.4778413772583008,
            "49": 0.48321008682250977,
            "50": 0.4873632490634918,
            "51": 0.5029122829437256,
            "52": 0.5114212036132812,
            "53": 0.5222346186637878,
            "54": 0.5331746339797974,
            "55": 0.5404933094978333,
            "56": 0.5469256639480591,
            "57": 0.5657414793968201,
            "58": 0.5797710418701172,
            "59": 0.5878241658210754,
            "60": 0.6008407473564148,
            "61": 0.6150729060173035,
            "62": 0.635610818862915,
            "63": 0.6548824906349182,
            "64": 0.6613401770591736,
            "65": 0.6774463057518005,
            "66": 0.7093800902366638,
            "67": 0.7161416411399841,
            "68": 0.7492656111717224,
            "69": 0.7465559244155884,
            "70": 0.7822629809379578,
            "71": 0.7868973016738892,
            "72": 0.6794469356536865,
            "73": 0.8188816905021667,
            "74": 0.8639586567878723,
            "75": 0.9080986380577087,
            "76": 0.9365883469581604,
            "77": 0.8490427732467651,
            "78": 0.9351701736450195,
            "79": 0.9336254000663757,
            "80": 0.9309663772583008,
            "81": 0.9421596527099609,
            "82": 0.9888573884963989,
            "83": 0.9646981358528137,
            "84": 0.9780693054199219,
            "85": 0.9858691096305847,
            "86": 0.9915164113044739,
            "87": 0.9413745999336243,
            "88": 0.9596586227416992
        },
        "val_loss": {
            "0": 3.28108549118042,
            "1": 3.2778637409210205,
            "2": 3.2747695446014404,
            "3": 3.271559000015259,
            "4": 3.2681686878204346,
            "5": 3.264665126800537,
            "6": 3.26039457321167,
            "7": 3.2543482780456543,
            "8": 3.240952730178833,
            "9": 3.186634063720703,
            "10": 3.1607720851898193,
            "11": 3.1125028133392334,
            "12": 2.9952378273010254,
            "13": 2.9525113105773926,
            "14": 2.912642478942871,