{
    "parameters": {
        "name_model": "VGG16-reg",
        "compile_parameters": "{'metrics': ['accuracy'], 'optimizer': <keras.optimizer_v2.gradient_descent.SGD object at 0x7efbd05aee20>}",
        "l2_reg": 1e-05,
        "batch_size": 512,
        "epochs": 200,
        "initial_epoch": 0,
        "initial_lr": 0.05,
        "num_classes": 10,
        "dropout": 0,
        "batch_norm": false,
        "data_aug": false
    },
    "augmentation_parameters": {
        "used": "False",
        "rotation_range": "45",
        "horizontal_flip": "True",
        "zoom_range": "0.3"
    },
    "train_result": {
        "loss": {
            "0": 2.3516476154327393,
            "1": 2.351520538330078,
            "2": 2.3514015674591064,
            "3": 2.3512487411499023,
            "4": 2.350966453552246,
            "5": 2.3505122661590576,
            "6": 2.3495657444000244,
            "7": 2.3471550941467285,
            "8": 2.3396828174591064,
            "9": 2.309786081314087,
            "10": 2.276989221572876,
            "11": 2.2124691009521484,
            "12": 2.151927947998047,
            "13": 2.1248950958251953,
            "14": 2.1055233478546143,
            "15": 2.064570665359497,
            "16": 2.045377016067505,
            "17": 2.029958486557007,
            "18": 1.9990867376327515,
            "19": 1.9976907968521118,
            "20": 1.9669296741485596,
            "21": 1.9380282163619995,
            "22": 1.915319561958313,
            "23": 1.8890936374664307,
            "24": 1.8747259378433228,
            "25": 1.8467036485671997,
            "26": 1.831716537475586,
            "27": 1.8119306564331055,
            "28": 1.796305775642395,
            "29": 1.78700852394104,
            "30": 1.7608345746994019,
            "31": 1.7438887357711792,
            "32": 1.7294648885726929,
            "33": 1.7155821323394775,
            "34": 1.694589614868164,
            "35": 1.6859779357910156,
            "36": 1.6729942560195923,
            "37": 1.6481565237045288,
            "38": 1.6361064910888672,
            "39": 1.6228657960891724,
            "40": 1.6070141792297363,
            "41": 1.5793192386627197,
            "42": 1.5537890195846558,
            "43": 1.5404351949691772,
            "44": 1.5287656784057617,
            "45": 1.4945790767669678,
            "46": 1.4880456924438477,
            "47": 1.4439588785171509,
            "48": 1.4255071878433228,
            "49": 1.399404525756836,
            "50": 1.3911703824996948,
            "51": 1.3279474973678589,
            "52": 1.3117594718933105,
            "53": 1.2660096883773804,
            "54": 1.2598568201065063,
            "55": 1.1947884559631348,
            "56": 1.1609857082366943,
            "57": 1.1389837265014648,
            "58": 1.1237095594406128,
            "59": 1.0074418783187866,
            "60": 0.9945194125175476,
            "61": 0.8817830085754395,
            "62": 0.8699285387992859,
            "63": 0.8118729591369629,
            "64": 0.7856324315071106,
            "65": 0.659069836139679,
            "66": 0.6677775382995605,
            "67": 0.6603277921676636,
            "68": 0.5757613182067871,
            "69": 0.4002152383327484,
            "70": 0.5293688178062439,
            "71": 0.3939988315105438,
            "72": 0.2635613977909088,
            "73": 0.3498850166797638,
            "74": 0.24336418509483337,
            "75": 0.14388975501060486,
            "76": 0.6423343420028687,
            "77": 0.23273856937885284,
            "78": 0.12721163034439087
        },
        "accuracy": {
            "0": 0.10372771322727203,
            "1": 0.10443679243326187,
            "2": 0.10501924902200699,
            "3": 0.10912176221609116,
            "4": 0.11036264151334763,
            "5": 0.13652248680591583,
            "6": 0.1344965547323227,
            "7": 0.15637661516666412,
            "8": 0.15789607167243958,
            "9": 0.15668050944805145,
            "10": 0.16516409814357758,
            "11": 0.20076985657215118,
            "12": 0.22941146790981293,
            "13": 0.24265599250793457,
            "14": 0.2508610188961029,
            "15": 0.26509320735931396,
            "16": 0.27046191692352295,
            "17": 0.27613452076911926,
            "18": 0.2881128489971161,
            "19": 0.29021474719047546,
            "20": 0.29930612444877625,
            "21": 0.308397501707077,
            "22": 0.3179953396320343,
            "23": 0.3261243999004364,
            "24": 0.3342027962207794,
            "25": 0.34458568692207336,
            "26": 0.35144853591918945,
            "27": 0.3607931435108185,
            "28": 0.3698591887950897,
            "29": 0.3745441734790802,
            "30": 0.3817615509033203,
            "31": 0.3912580907344818,
            "32": 0.39609500765800476,
            "33": 0.40032413601875305,
            "34": 0.40845319628715515,
            "35": 0.4132394790649414,
            "36": 0.41762053966522217,
            "37": 0.42716774344444275,
            "38": 0.4320552945137024,
            "39": 0.43529680371284485,
            "40": 0.4451732039451599,
            "41": 0.45069387555122375,
            "42": 0.4626215696334839,
            "43": 0.46735715866088867,
            "44": 0.4735109508037567,
            "45": 0.48285555839538574,
            "46": 0.485463947057724,
            "47": 0.5041278600692749,
            "48": 0.5056726336479187,
            "49": 0.5211963057518005,
            "50": 0.5239566564559937,
            "51": 0.5480652451515198,
            "52": 0.5505470037460327,
            "53": 0.5689829587936401,
            "54": 0.572882890701294,
            "55": 0.595750629901886,
            "56": 0.6080834865570068,
            "57": 0.6177573204040527,
            "58": 0.6248987317085266,
            "59": 0.6651641130447388,
            "60": 0.6672913432121277,
            "61": 0.7095573544502258,
            "62": 0.7171039581298828,
            "63": 0.739439845085144,
            "64": 0.7512915134429932,
            "65": 0.7933549284934998,
            "66": 0.802775502204895,
            "67": 0.7996606826782227,
            "68": 0.8226802945137024,
            "69": 0.8822426795959473,
            "70": 0.848941445350647,
            "71": 0.8905237317085266,
            "72": 0.9350435733795166,
            "73": 0.9060474038124084,
            "74": 0.9411720037460327,
            "75": 0.9724473357200623,
            "76": 0.8191096186637878,
            "77": 0.9487186074256897,
            "78": 0.9783225059509277
        },
        "val_loss": {
            "0": 2.3515584468841553,
            "1": 2.351487636566162,
            "2": 2.3513004779815674,
            "3": 2.351123809814453,
            "4": 2.350778818130493,
            "5": 2.3501715660095215,
            "6": 2.3485610485076904,
            "7": 2.3446946144104004,
            "8": 2.3307042121887207,
            "9": 2.319709062576294,
            "10": 2.1965625286102295,
            "11": 2.2345168590545654,
            "12": 2.115914821624756,
            "13": 2.109006404876709,
            "14": 2.0418550968170166,
            "15": 2.0455880165100098,
            "16": 2.1097781658172607,
            "17": 1.9816193580627441,
            "18": 2.050931215286255,
            "19": 1.9154372215270996,
            "20": 2.068188428878784,
            "21": 1.9204344749450684,
            "22": 1.8753324747085571,
            "23": 1.9070338010787964,
            "24": 1.835027813911438,
            "25": 1.8422353267669678,
            "26": 1.8918300867080688,
            "27": 1.7961695194244385,
            "28": 1.8060357570648193,
            "29": 1.7968767881393433,
            "30": 1.7406991720199585,
            "31": 1.7336602210998535,
            "32": 1.7747241258621216,
            "33": 1.7982529401779175,