{
    "parameters": {
        "name_model": "VGG16-reg",
        "compile_parameters": "{'metrics': ['accuracy'], 'optimizer': <keras.optimizer_v2.gradient_descent.SGD object at 0x7f8cb82600a0>}",
        "l2_reg": 0.0001,
        "batch_size": 512,
        "epochs": 200,
        "initial_epoch": 0,
        "initial_lr": 0.05,
        "num_classes": 10,
        "dropout": 0,
        "batch_norm": false,
        "data_aug": false
    },
    "augmentation_parameters": {
        "used": "False",
        "rotation_range": "45",
        "horizontal_flip": "True",
        "zoom_range": "0.3"
    },
    "train_result": {
        "loss": {
            "0": 2.7929952144622803,
            "1": 2.7921197414398193,
            "2": 2.791262626647949,
            "3": 2.7903261184692383,
            "4": 2.789318084716797,
            "5": 2.788057804107666,
            "6": 2.7862508296966553,
            "7": 2.78271222114563,
            "8": 2.7732207775115967,
            "9": 2.737485408782959,
            "10": 2.769106388092041,
            "11": 2.691354513168335,
            "12": 2.6204028129577637,
            "13": 2.5787830352783203,
            "14": 2.542829990386963,
            "15": 2.5085508823394775,
            "16": 2.49356746673584,
            "17": 2.464639663696289,
            "18": 2.4509050846099854,
            "19": 2.4384286403656006,
            "20": 2.421358585357666,
            "21": 2.4034831523895264,
            "22": 2.382570505142212,
            "23": 2.354360342025757,
            "24": 2.331735610961914,
            "25": 2.2985758781433105,
            "26": 2.2781920433044434,
            "27": 2.280977487564087,
            "28": 2.247332811355591,
            "29": 2.2313802242279053,
            "30": 2.217496395111084,
            "31": 2.200892925262451,
            "32": 2.170088052749634,
            "33": 2.165562391281128,
            "34": 2.1483101844787598,
            "35": 2.13383150100708,
            "36": 2.1212048530578613,
            "37": 2.1066510677337646,
            "38": 2.092249870300293,
            "39": 2.075317859649658,
            "40": 2.0469510555267334,
            "41": 2.0431606769561768,
            "42": 2.0101115703582764,
            "43": 2.0095267295837402,
            "44": 1.9807770252227783,
            "45": 1.9566659927368164,
            "46": 1.9389169216156006,
            "47": 1.904819369316101,
            "48": 1.9027382135391235,
            "49": 1.8640505075454712,
            "50": 1.8338509798049927,
            "51": 1.804606556892395,
            "52": 1.7800109386444092,
            "53": 1.7620289325714111,
            "54": 1.756155014038086,
            "55": 1.6889783143997192,
            "56": 1.6591202020645142,
            "57": 1.6579759120941162,
            "58": 1.5747689008712769,
            "59": 1.5442407131195068,
            "60": 1.511601448059082,
            "61": 1.463672161102295,
            "62": 1.416601538658142,
            "63": 1.3737258911132812,
            "64": 1.3701505661010742,
            "65": 1.2439066171646118,
            "66": 1.1918810606002808,
            "67": 1.1956298351287842,
            "68": 1.1229262351989746,
            "69": 1.1072832345962524,
            "70": 0.9145070314407349,
            "71": 1.9507516622543335,
            "72": 2.3201465606689453,
            "73": 1.8944268226623535,
            "74": 1.3776531219482422,
            "75": 1.0899678468704224,
            "76": 0.9215086102485657,
            "77": 0.811465322971344,
            "78": 0.8365782499313354,
            "79": 0.7246785759925842,
            "80": 0.8528556227684021,
            "81": 0.6312175393104553,
            "82": 0.525891900062561,
            "83": 0.6931551098823547,
            "84": 0.5942785143852234,
            "85": 0.6092957258224487,
            "86": 0.5077565908432007,
            "87": 0.4945044219493866
        },
        "accuracy": {
            "0": 0.10195502638816833,
            "1": 0.10294266790151596,
            "2": 0.10876721888780594,
            "3": 0.10899513959884644,
            "4": 0.1195046603679657,
            "5": 0.12846940755844116,
            "6": 0.14596839249134064,
            "7": 0.1500709056854248,
            "8": 0.16427776217460632,
            "9": 0.15812398493289948,
            "10": 0.12049230188131332,
            "11": 0.18180206418037415,
            "12": 0.21310271322727203,
            "13": 0.23176661133766174,
            "14": 0.24756887555122375,
            "15": 0.25964850187301636,
            "16": 0.2655743658542633,
            "17": 0.2740326225757599,
            "18": 0.27940133213996887,
            "19": 0.28504863381385803,
            "20": 0.28940436244010925,
            "21": 0.29484906792640686,
            "22": 0.3040164113044739,
            "23": 0.31161364912986755,
            "24": 0.3220472037792206,
            "25": 0.3326073884963989,
            "26": 0.3403565585613251,
            "27": 0.34521880745887756,
            "28": 0.35658934712409973,
            "29": 0.3637307584285736,
            "30": 0.37084683775901794,
            "31": 0.37570908665657043,
            "32": 0.38738352060317993,
            "33": 0.39065033197402954,
            "34": 0.3965761661529541,
            "35": 0.4018436074256897,
            "36": 0.4058448076248169,
            "37": 0.413062185049057,
            "38": 0.4175699055194855,
            "39": 0.42688918113708496,
            "40": 0.43284034729003906,
            "41": 0.43266308307647705,
            "42": 0.44950366020202637,
            "43": 0.44641411304473877,
            "44": 0.4578606188297272,
            "45": 0.4681928753852844,
            "46": 0.47237133979797363,
            "47": 0.48394447565078735,
            "48": 0.48789507150650024,
            "49": 0.5004051923751831,
            "50": 0.5142574906349182,
            "51": 0.5235008001327515,
            "52": 0.5342888832092285,
            "53": 0.5381128191947937,
            "54": 0.541987419128418,
            "55": 0.5652350187301636,
            "56": 0.57576984167099,
            "57": 0.5818729996681213,
            "58": 0.606842577457428,
            "59": 0.6196059584617615,
            "60": 0.6329264640808105,
            "61": 0.6488553285598755,
            "62": 0.6678737998008728,
            "63": 0.6876266002655029,
            "64": 0.6922355890274048,
            "65": 0.7304497361183167,
            "66": 0.7529629468917847,
            "67": 0.7566096186637878,
            "68": 0.7778312563896179,
            "69": 0.7880368828773499,
            "70": 0.8539809584617615,
            "71": 0.5808093547821045,
            "72": 0.32987236976623535,
            "73": 0.4982779622077942,
            "74": 0.6916531324386597,
            "75": 0.7874037623405457,
            "76": 0.8569185733795166,
            "77": 0.8929548263549805,
            "78": 0.8914860486984253,
            "79": 0.9288138151168823,
            "80": 0.8936132788658142,
            "81": 0.9574047923088074,
            "82": 0.9854639172554016,
            "83": 0.9390194416046143,
            "84": 0.9670279622077942,
            "85": 0.9645968675613403,
            "86": 0.992579996585846,
            "87": 0.9962013959884644
        },
        "val_loss": {
            "0": 2.792595624923706,
            "1": 2.791667938232422,
            "2": 2.790841817855835,
            "3": 2.7898917198181152,
            "4": 2.7886624336242676,
            "5": 2.7872841358184814,
            "6": 2.7847707271575928,
            "7": 2.779501438140869,
            "8": 2.761793375015259,
            "9": 2.7005817890167236,
            "10": 2.7711400985717773,
            "11": 2.70736026763916,
            "12": 2.5543622970581055,
            "13": 2.547459840774536,
            "14": 2.5217583179473877,
            "15": 2.4658334255218506,
            "16": 2.4611175060272217,